xai_case_id,domain,sample_id,confidence,true_class_name,predicted_class_name,predicted_cam_semantic_region,predicted_cam_disease_alignment,predicted_cam_background_bias,predicted_cam_attention_focus,predicted_cam_annotation_confidence,predicted_cam_note,true_cam_semantic_region,true_cam_disease_alignment,true_cam_background_bias,true_cam_attention_focus,true_cam_annotation_confidence,true_cam_note,cosine_similarity,pearson_correlation,weighted_overlap,mean_squared_difference,mean_absolute_difference,normalized_center_distance,normalized_peak_distance,selection_roles,disease_alignment_shift,background_bias_shift,predicted_off_leaf,true_leaf_or_symptom,off_leaf_to_relevant_tissue_shift,predicted_symptom_region,true_symptom_region,shift_to_symptom_region
XAI_009,internal,PV_TEST_00429,0.9998940833150056,Tomato_Early_blight,Tomato_Late_blight,SYMPTOM_REGION,PARTIAL,MINOR,FOCAL,HIGH,The erroneous Late-blight CAM focuses on a visibly severely damaged portion of the leaf.,LEAF_AND_BACKGROUND,NONE,MODERATE,FOCAL,HIGH,The Early-blight true-class CAM shifts toward the lower leaf base and adjacent background rather than the dominant damaged region.,0.0064529443071681,-0.4732206456029846,0.0232923009323077,0.1282302247593722,0.2837433982984154,0.4142862230641793,0.4090561231204022,internal_all_incorrect,WORSE_TRUE_TARGET,INCREASED_TRUE_TARGET,False,False,False,True,False,False
XAI_019,external,PD_EXT_0001,0.9995757937431335,Tomato_Bacterial_spot,Tomato_Septoria_leaf_spot,SYMPTOM_REGION,PARTIAL,MINOR,MULTIFOCAL,HIGH,Erroneous Septoria attention overlaps visibly abnormal areas on multiple leaves.,LEAF_AND_BACKGROUND,PARTIAL,MODERATE,MULTIFOCAL,MEDIUM,Bacterial-spot true-class attention includes a symptomatic lower leaf but also a strong upper edge/background component.,0.2789537382348363,-0.173832744915098,0.2962985336144421,0.1154401215992771,0.2471718267922056,0.1918880506805783,0.6101374360622323,external_representative_incorrect,UNCHANGED,INCREASED_TRUE_TARGET,False,False,False,True,False,False
XAI_020,external,PD_EXT_0012,0.997334361076355,Tomato_Early_blight,Tomato_Septoria_leaf_spot,LEAF_AND_BACKGROUND,PARTIAL,MODERATE,FOCAL,MEDIUM,Erroneous Septoria attention lies near yellow-brown lower plant tissue but includes substantial surrounding scene context.,BACKGROUND,NONE,DOMINANT,FOCAL,MEDIUM,Early-blight true-class attention shifts mainly to lower background/ground rather than the visible abnormal leaf tissue.,0.31983491770683,-0.0069757837601898,0.2791846366474583,0.0847316544906674,0.2063296187232271,0.1507832452550979,0.104687152734787,external_representative_incorrect,WORSE_TRUE_TARGET,INCREASED_TRUE_TARGET,False,False,False,False,False,False
XAI_021,external,PD_EXT_0023,0.9999958276748656,Tomato_Late_blight,Tomato_Early_blight,SYMPTOM_REGION,STRONG,MINOR,FOCAL,HIGH,The highly confident erroneous Early-blight CAM is strongly centered on the visibly damaged leaf region.,BACKGROUND,NONE,DOMINANT,FOCAL,HIGH,Late-blight true-class attention moves to the lower edge/background rather than the main visible lesion.,0.2893106266220698,-0.0401211553287839,0.3108646712328253,0.0583529883709934,0.157188543210441,0.0586912844247182,0.3075755954040139,external_representative_incorrect;external_high_confidence_incorrect,WORSE_TRUE_TARGET,INCREASED_TRUE_TARGET,False,False,False,True,False,False
XAI_022,external,PD_EXT_0029,0.9889935851097108,Tomato_Leaf_Mold,Tomato_Early_blight,LEAF_AND_BACKGROUND,NONE,MODERATE,FOCAL,LOW,Erroneous Early-blight attention lies mainly in upper clutter rather than the visually distinguishable abnormal central foliage.,LEAF_AND_BACKGROUND,NONE,MODERATE,FOCAL,LOW,"Leaf-Mold true-class CAM is also concentrated in upper clutter, with no reliable symptom-region localization.",0.7062644493254779,0.5680059519864831,0.4939754697188966,0.0525477021741857,0.139756283173773,0.1203092456342241,0.3863795377316236,external_representative_incorrect,UNCHANGED,UNCHANGED,False,False,False,False,False,False
XAI_023,external,PD_EXT_0035,0.9999233484268188,Tomato_Septoria_leaf_spot,Tomato_Early_blight,BACKGROUND,NONE,DOMINANT,FOCAL,HIGH,Erroneous Early-blight attention is dominated by the upper colored background rather than the visibly spotted leaves.,BACKGROUND,NONE,DOMINANT,FOCAL,HIGH,Septoria true-class attention also concentrates mainly in the upper background rather than the spotted leaves.,0.0765386084320857,-0.2381526060967637,0.110179738372261,0.1004259864520268,0.213794325874928,0.1884879800305151,0.2942093652422227,external_representative_incorrect,UNCHANGED,UNCHANGED,True,False,False,False,False,False
XAI_024,external,PD_EXT_0047,0.97798490524292,Tomato__Tomato_YellowLeaf__Curl_Virus,Tomato_Late_blight,LEAF_AND_BACKGROUND,WEAK,MODERATE,MULTIFOCAL,MEDIUM,Late-blight prediction attention is split across peripheral foliage and scene context rather than the central curled/yellow leaves.,LEAF_AND_BACKGROUND,WEAK,MODERATE,FOCAL,MEDIUM,Yellow-leaf-curl true-class attention remains peripheral and only weakly aligned with visibly altered foliage.,0.0155892997900377,-0.3401052501469275,0.0405517683847552,0.0964866956491391,0.2144942182911284,0.3481523460917579,0.5073411882952807,external_representative_incorrect,UNCHANGED,UNCHANGED,False,False,False,False,False,False
XAI_025,external,PD_EXT_0068,0.9331840872764589,Tomato__Tomato_mosaic_virus,Tomato_Late_blight,BACKGROUND,NONE,DOMINANT,MULTIFOCAL,HIGH,Erroneous Late-blight hotspots are concentrated near lower peripheral/background areas and largely miss the central mottled leaf.,SYMPTOM_REGION,STRONG,MINOR,MULTIFOCAL,HIGH,Mosaic-virus true-class attention shifts prominently onto the central visibly mottled leaf.,0.211678947577935,-0.1272988934251241,0.2001233764276932,0.0938050830416618,0.2245721977331383,0.2466434966806054,0.5505386115198792,external_representative_incorrect,IMPROVED_TRUE_TARGET,REDUCED_TRUE_TARGET,True,True,True,False,True,True
XAI_026,external,PD_EXT_0074,0.9657007455825806,Tomato_healthy,Tomato_Late_blight,BACKGROUND,NOT_APPLICABLE,DOMINANT,FOCAL,HIGH,Late-blight prediction attention is dominated by upper-right scene context in an image labelled healthy.,NON_SYMPTOM_LEAF,NOT_APPLICABLE,MINOR,FOCAL,HIGH,Healthy true-class attention shifts back toward lower plant tissue rather than the external scene context.,0.0630512664765511,-0.2737919479940586,0.0848288147286084,0.1435967404238868,0.2690568616517045,0.3840906931517477,0.4304932735426008,external_representative_incorrect,NOT_COMPARABLE,REDUCED_TRUE_TARGET,True,True,True,False,False,False
XAI_032,external,PD_EXT_0011,0.9999966621398926,Tomato_Early_blight,Tomato_Late_blight,NON_SYMPTOM_LEAF,NONE,MINOR,FOCAL,HIGH,The 100%-confidence Late-blight prediction focuses away from the main visibly damaged central region.,SYMPTOM_REGION,STRONG,NONE,FOCAL,HIGH,Early-blight true-class attention relocates directly onto the prominent visible lesion.,0.18214702485755,-0.0471418773294193,0.221061679080113,0.0431368718261008,0.1183187320049888,0.1104775488672675,0.2283475705197133,external_high_confidence_incorrect,IMPROVED_TRUE_TARGET,REDUCED_TRUE_TARGET,False,True,False,False,True,True
XAI_033,external,PD_EXT_0020,0.9999936819076538,Tomato_Late_blight,Tomato_Leaf_Mold,SYMPTOM_REGION,PARTIAL,NONE,FOCAL,HIGH,Leaf-Mold prediction attention lies on visibly damaged upper leaf tissue but covers only one portion of the multi-leaf abnormalities.,SYMPTOM_REGION,PARTIAL,NONE,MULTIFOCAL,HIGH,"Late-blight true-class attention moves toward other visibly damaged leaf areas, producing a different multifocal pattern.",0.2492310056818776,-0.1323609198203943,0.2088015787064644,0.0717564328290788,0.2021745771251061,0.1578600522616792,0.3208707411658891,external_high_confidence_incorrect,UNCHANGED,UNCHANGED,False,True,False,True,True,False
XAI_034,external,PD_EXT_0037,0.9999880790710448,Tomato_Septoria_leaf_spot,Tomato_Early_blight,LEAF_AND_BACKGROUND,WEAK,MODERATE,FOCAL,HIGH,The 100%-confidence Early-blight CAM is concentrated near the upper leaf boundary/background rather than the main spotted region.,SYMPTOM_REGION,STRONG,MINOR,FOCAL,HIGH,Septoria true-class attention shifts onto the clearly spotted upper-central leaf area.,0.3950932977015975,0.1795126562056329,0.3136495042521716,0.0744150148915354,0.1740093552547114,0.0084469849294592,0.1811847878998827,external_high_confidence_incorrect,IMPROVED_TRUE_TARGET,REDUCED_TRUE_TARGET,False,True,False,False,True,True
XAI_035,external,PD_EXT_0054,0.9999914169311525,Tomato__Tomato_YellowLeaf__Curl_Virus,Tomato_Late_blight,LEAF_AND_BACKGROUND,WEAK,MODERATE,FOCAL,MEDIUM,Late-blight prediction attention is peripheral and only weakly related to the broad visibly yellow-green leaf changes.,LEAF_AND_BACKGROUND,WEAK,MODERATE,FOCAL,MEDIUM,Yellow-leaf-curl true-class attention is also peripheral rather than centered on the main altered leaf.,0.3964127028554982,0.0813187004082657,0.3369043442970925,0.0670206899675167,0.1803009144838603,0.2374715025240265,0.659543544783865,external_high_confidence_incorrect,UNCHANGED,UNCHANGED,False,False,False,False,False,False
XAI_036,external,PD_EXT_0004,0.5455209612846375,Tomato_Bacterial_spot,Tomato_Septoria_leaf_spot,LEAF_AND_BACKGROUND,PARTIAL,MODERATE,MULTIFOCAL,HIGH,Septoria prediction attention overlaps some visibly spotted leaf tissue but extends strongly through leaf boundaries and scene context.,SYMPTOM_REGION,STRONG,MINOR,MULTIFOCAL,HIGH,Bacterial-spot true-class CAM places multiple hotspots on visibly abnormal leaf regions.,0.7676060863506456,0.5731128890859943,0.6268447838422566,0.0467978113440691,0.1583362758932754,0.1052476694320953,0.1802947129414764,external_low_confidence,IMPROVED_TRUE_TARGET,REDUCED_TRUE_TARGET,False,True,False,False,True,True
XAI_037,external,PD_EXT_0059,0.5530862808227539,Tomato__Tomato_YellowLeaf__Curl_Virus,Tomato_Late_blight,BACKGROUND,NONE,DOMINANT,FOCAL,MEDIUM,Late-blight prediction attention is dominated by upper-right scene context outside the main altered foliage.,LEAF_AND_BACKGROUND,WEAK,MODERATE,FOCAL,MEDIUM,Yellow-leaf-curl true-class attention moves toward foliage but remains peripheral and only weakly symptom aligned.,0.0986581995367201,-0.2599899837436915,0.1431509029973091,0.103375039774038,0.2136378771528271,0.2724572708524874,0.5549044246979633,external_low_confidence,IMPROVED_TRUE_TARGET,REDUCED_TRUE_TARGET,True,False,False,False,False,False
XAI_038,external,PD_EXT_0060,0.4406662881374359,Tomato__Tomato_YellowLeaf__Curl_Virus,Tomato_Bacterial_spot,SYMPTOM_REGION,PARTIAL,MINOR,FOCAL,HIGH,Bacterial-spot prediction attention falls on a visibly yellow and altered lower plant region despite the wrong class.,SYMPTOM_REGION,PARTIAL,MINOR,MULTIFOCAL,HIGH,Yellow-leaf-curl true-class attention covers additional visibly altered leaves in a broader pattern.,0.6361703522168038,0.4719618002225028,0.5155535334015511,0.0479653521310682,0.1386476792868264,0.071158207838025,0.3229010946617882,external_low_confidence,UNCHANGED,UNCHANGED,False,True,False,True,True,False
XAI_039,external,PD_EXT_0065,0.37744140625,Tomato__Tomato_mosaic_virus,Tomato_Leaf_Mold,NON_LEAF_OBJECT,NONE,DOMINANT,FOCAL,HIGH,Leaf-Mold prediction attention is dominated by the lower non-leaf/hand-context region rather than the visible plant tissue.,NON_SYMPTOM_LEAF,UNCERTAIN,MINOR,FOCAL,MEDIUM,"Mosaic-virus true-class attention shifts onto a leaf, but the visible symptom pattern is too subtle for confident disease-region alignment.",0.4881725643506256,0.2786150528383447,0.3837867146576241,0.0565980711772996,0.1365787723658994,0.0362079748736825,0.147982062780269,external_low_confidence,NOT_COMPARABLE,REDUCED_TRUE_TARGET,True,True,True,False,False,False
XAI_040,external,PD_EXT_0078,0.5818392634391785,Tomato_healthy,Tomato_Late_blight,BACKGROUND,NOT_APPLICABLE,DOMINANT,FOCAL,HIGH,Late-blight prediction attention is concentrated mainly in background adjacent to the leaf in an image labelled healthy.,NON_SYMPTOM_LEAF,NOT_APPLICABLE,MINOR,FOCAL,MEDIUM,Healthy true-class CAM places more attention on the leaf itself rather than the adjacent background.,0.3830275509665231,-0.0351338747136103,0.3430005780228334,0.1185538952738166,0.2582769603653174,0.1890171765341777,0.4813061117488337,external_low_confidence,NOT_COMPARABLE,REDUCED_TRUE_TARGET,True,True,True,False,False,False
