domain,dataset,sample_index,sample_id,image_path,relative_path,true_class_index,true_class_name,predicted_class_index,predicted_class_name,confidence,correct,shared8_ground_truth,high_confidence_ge_90,very_high_confidence_ge_95,low_confidence_lt_70,cam_primary_target_index,cam_primary_target_name,generate_true_class_comparison_cam
external,PlantDoc,0,PD_EXT_0001,D:\Tomato_Disease_Research\external_dataset\PlantDoc_tomato_subset\test\Tomato_leaf_bacterial_spot\test_Tomato leaf bacterial spot_1.jpg,test/Tomato_leaf_bacterial_spot/test_Tomato leaf bacterial spot_1.jpg,0,Tomato_Bacterial_spot,4,Tomato_Septoria_leaf_spot,0.9995757937431335,False,True,True,True,False,4,Tomato_Septoria_leaf_spot,True
external,PlantDoc,1,PD_EXT_0002,D:\Tomato_Disease_Research\external_dataset\PlantDoc_tomato_subset\test\Tomato_leaf_bacterial_spot\test_Tomato leaf bacterial spot_2.jpg,test/Tomato_leaf_bacterial_spot/test_Tomato leaf bacterial spot_2.jpg,0,Tomato_Bacterial_spot,2,Tomato_Late_blight,0.9997853636741638,False,True,True,True,False,2,Tomato_Late_blight,True
external,PlantDoc,2,PD_EXT_0003,D:\Tomato_Disease_Research\external_dataset\PlantDoc_tomato_subset\test\Tomato_leaf_bacterial_spot\test_Tomato leaf bacterial spot_3.jpg,test/Tomato_leaf_bacterial_spot/test_Tomato leaf bacterial spot_3.jpg,0,Tomato_Bacterial_spot,4,Tomato_Septoria_leaf_spot,0.7139220237731934,False,True,False,False,False,4,Tomato_Septoria_leaf_spot,True
external,PlantDoc,3,PD_EXT_0004,D:\Tomato_Disease_Research\external_dataset\PlantDoc_tomato_subset\test\Tomato_leaf_bacterial_spot\test_Tomato leaf bacterial spot_4.jpg,test/Tomato_leaf_bacterial_spot/test_Tomato leaf bacterial spot_4.jpg,0,Tomato_Bacterial_spot,4,Tomato_Septoria_leaf_spot,0.5455209612846375,False,True,False,False,True,4,Tomato_Septoria_leaf_spot,True
external,PlantDoc,4,PD_EXT_0005,D:\Tomato_Disease_Research\external_dataset\PlantDoc_tomato_subset\test\Tomato_leaf_bacterial_spot\test_Tomato leaf bacterial spot_5.jpg,test/Tomato_leaf_bacterial_spot/test_Tomato leaf bacterial spot_5.jpg,0,Tomato_Bacterial_spot,1,Tomato_Early_blight,0.9999847412109376,False,True,True,True,False,1,Tomato_Early_blight,True
external,PlantDoc,5,PD_EXT_0006,D:\Tomato_Disease_Research\external_dataset\PlantDoc_tomato_subset\test\Tomato_leaf_bacterial_spot\test_Tomato leaf bacterial spot_6.jpg,test/Tomato_leaf_bacterial_spot/test_Tomato leaf bacterial spot_6.jpg,0,Tomato_Bacterial_spot,2,Tomato_Late_blight,0.6728059649467468,False,True,False,False,True,2,Tomato_Late_blight,True
external,PlantDoc,6,PD_EXT_0007,D:\Tomato_Disease_Research\external_dataset\PlantDoc_tomato_subset\test\Tomato_leaf_bacterial_spot\test_Tomato leaf bacterial spot_7.jpg,test/Tomato_leaf_bacterial_spot/test_Tomato leaf bacterial spot_7.jpg,0,Tomato_Bacterial_spot,4,Tomato_Septoria_leaf_spot,0.9999618530273438,False,True,True,True,False,4,Tomato_Septoria_leaf_spot,True
external,PlantDoc,7,PD_EXT_0008,D:\Tomato_Disease_Research\external_dataset\PlantDoc_tomato_subset\test\Tomato_leaf_bacterial_spot\test_Tomato leaf bacterial spot_8.jpg,test/Tomato_leaf_bacterial_spot/test_Tomato leaf bacterial spot_8.jpg,0,Tomato_Bacterial_spot,4,Tomato_Septoria_leaf_spot,0.9999094009399414,False,True,True,True,False,4,Tomato_Septoria_leaf_spot,True
external,PlantDoc,8,PD_EXT_0009,D:\Tomato_Disease_Research\external_dataset\PlantDoc_tomato_subset\test\Tomato_leaf_bacterial_spot\test_Tomato leaf bacterial spot_9.jpg,test/Tomato_leaf_bacterial_spot/test_Tomato leaf bacterial spot_9.jpg,0,Tomato_Bacterial_spot,4,Tomato_Septoria_leaf_spot,0.9954870343208312,False,True,True,True,False,4,Tomato_Septoria_leaf_spot,True
external,PlantDoc,9,PD_EXT_0010,D:\Tomato_Disease_Research\external_dataset\PlantDoc_tomato_subset\test\Tomato_Early_blight_leaf\test_Tomato Early blight leaf_1.jpg,test/Tomato_Early_blight_leaf/test_Tomato Early blight leaf_1.jpg,1,Tomato_Early_blight,1,Tomato_Early_blight,0.999998927116394,True,True,True,True,False,1,Tomato_Early_blight,False
external,PlantDoc,10,PD_EXT_0011,D:\Tomato_Disease_Research\external_dataset\PlantDoc_tomato_subset\test\Tomato_Early_blight_leaf\test_Tomato Early blight leaf_2.jpg,test/Tomato_Early_blight_leaf/test_Tomato Early blight leaf_2.jpg,1,Tomato_Early_blight,2,Tomato_Late_blight,0.9999966621398926,False,True,True,True,False,2,Tomato_Late_blight,True
external,PlantDoc,11,PD_EXT_0012,D:\Tomato_Disease_Research\external_dataset\PlantDoc_tomato_subset\test\Tomato_Early_blight_leaf\test_Tomato Early blight leaf_3.jpg,test/Tomato_Early_blight_leaf/test_Tomato Early blight leaf_3.jpg,1,Tomato_Early_blight,4,Tomato_Septoria_leaf_spot,0.997334361076355,False,True,True,True,False,4,Tomato_Septoria_leaf_spot,True
external,PlantDoc,12,PD_EXT_0013,D:\Tomato_Disease_Research\external_dataset\PlantDoc_tomato_subset\test\Tomato_Early_blight_leaf\test_Tomato Early blight leaf_4.jpg,test/Tomato_Early_blight_leaf/test_Tomato Early blight leaf_4.jpg,1,Tomato_Early_blight,1,Tomato_Early_blight,0.9999988079071044,True,True,True,True,False,1,Tomato_Early_blight,False
external,PlantDoc,13,PD_EXT_0014,D:\Tomato_Disease_Research\external_dataset\PlantDoc_tomato_subset\test\Tomato_Early_blight_leaf\test_Tomato Early blight leaf_5.jpg,test/Tomato_Early_blight_leaf/test_Tomato Early blight leaf_5.jpg,1,Tomato_Early_blight,2,Tomato_Late_blight,0.9847747683525084,False,True,True,True,False,2,Tomato_Late_blight,True
external,PlantDoc,14,PD_EXT_0015,D:\Tomato_Disease_Research\external_dataset\PlantDoc_tomato_subset\test\Tomato_Early_blight_leaf\test_Tomato Early blight leaf_6.jpg,test/Tomato_Early_blight_leaf/test_Tomato Early blight leaf_6.jpg,1,Tomato_Early_blight,1,Tomato_Early_blight,0.9999974966049194,True,True,True,True,False,1,Tomato_Early_blight,False
external,PlantDoc,15,PD_EXT_0016,D:\Tomato_Disease_Research\external_dataset\PlantDoc_tomato_subset\test\Tomato_Early_blight_leaf\test_Tomato Early blight leaf_7.jpg,test/Tomato_Early_blight_leaf/test_Tomato Early blight leaf_7.jpg,1,Tomato_Early_blight,1,Tomato_Early_blight,0.9998002648353576,True,True,True,True,False,1,Tomato_Early_blight,False
external,PlantDoc,16,PD_EXT_0017,D:\Tomato_Disease_Research\external_dataset\PlantDoc_tomato_subset\test\Tomato_Early_blight_leaf\test_Tomato Early blight leaf_8.jpg,test/Tomato_Early_blight_leaf/test_Tomato Early blight leaf_8.jpg,1,Tomato_Early_blight,1,Tomato_Early_blight,0.993746280670166,True,True,True,True,False,1,Tomato_Early_blight,False
external,PlantDoc,17,PD_EXT_0018,D:\Tomato_Disease_Research\external_dataset\PlantDoc_tomato_subset\test\Tomato_Early_blight_leaf\test_Tomato Early blight leaf_9.jpg,test/Tomato_Early_blight_leaf/test_Tomato Early blight leaf_9.jpg,1,Tomato_Early_blight,1,Tomato_Early_blight,0.9661945104599,True,True,True,True,False,1,Tomato_Early_blight,False
external,PlantDoc,18,PD_EXT_0019,D:\Tomato_Disease_Research\external_dataset\PlantDoc_tomato_subset\test\Tomato_leaf_late_blight\test_Tomato leaf late blight_1.jpg,test/Tomato_leaf_late_blight/test_Tomato leaf late blight_1.jpg,2,Tomato_Late_blight,2,Tomato_Late_blight,0.9999982118606568,True,True,True,True,False,2,Tomato_Late_blight,False
external,PlantDoc,19,PD_EXT_0020,D:\Tomato_Disease_Research\external_dataset\PlantDoc_tomato_subset\test\Tomato_leaf_late_blight\test_Tomato leaf late blight_10.jpg,test/Tomato_leaf_late_blight/test_Tomato leaf late blight_10.jpg,2,Tomato_Late_blight,3,Tomato_Leaf_Mold,0.9999936819076538,False,True,True,True,False,3,Tomato_Leaf_Mold,True
external,PlantDoc,20,PD_EXT_0021,D:\Tomato_Disease_Research\external_dataset\PlantDoc_tomato_subset\test\Tomato_leaf_late_blight\test_Tomato leaf late blight_2.jpg,test/Tomato_leaf_late_blight/test_Tomato leaf late blight_2.jpg,2,Tomato_Late_blight,2,Tomato_Late_blight,0.999996304512024,True,True,True,True,False,2,Tomato_Late_blight,False
external,PlantDoc,21,PD_EXT_0022,D:\Tomato_Disease_Research\external_dataset\PlantDoc_tomato_subset\test\Tomato_leaf_late_blight\test_Tomato leaf late blight_3.jpg,test/Tomato_leaf_late_blight/test_Tomato leaf late blight_3.jpg,2,Tomato_Late_blight,2,Tomato_Late_blight,0.9999873638153076,True,True,True,True,False,2,Tomato_Late_blight,False
external,PlantDoc,22,PD_EXT_0023,D:\Tomato_Disease_Research\external_dataset\PlantDoc_tomato_subset\test\Tomato_leaf_late_blight\test_Tomato leaf late blight_4.jpg,test/Tomato_leaf_late_blight/test_Tomato leaf late blight_4.jpg,2,Tomato_Late_blight,1,Tomato_Early_blight,0.9999958276748656,False,True,True,True,False,1,Tomato_Early_blight,True
external,PlantDoc,23,PD_EXT_0024,D:\Tomato_Disease_Research\external_dataset\PlantDoc_tomato_subset\test\Tomato_leaf_late_blight\test_Tomato leaf late blight_5.jpg,test/Tomato_leaf_late_blight/test_Tomato leaf late blight_5.jpg,2,Tomato_Late_blight,2,Tomato_Late_blight,0.9998020529747008,True,True,True,True,False,2,Tomato_Late_blight,False
external,PlantDoc,24,PD_EXT_0025,D:\Tomato_Disease_Research\external_dataset\PlantDoc_tomato_subset\test\Tomato_leaf_late_blight\test_Tomato leaf late blight_6.jpg,test/Tomato_leaf_late_blight/test_Tomato leaf late blight_6.jpg,2,Tomato_Late_blight,2,Tomato_Late_blight,0.9999964237213136,True,True,True,True,False,2,Tomato_Late_blight,False
external,PlantDoc,25,PD_EXT_0026,D:\Tomato_Disease_Research\external_dataset\PlantDoc_tomato_subset\test\Tomato_leaf_late_blight\test_Tomato leaf late blight_7.jpg,test/Tomato_leaf_late_blight/test_Tomato leaf late blight_7.jpg,2,Tomato_Late_blight,2,Tomato_Late_blight,0.9999902248382568,True,True,True,True,False,2,Tomato_Late_blight,False
external,PlantDoc,26,PD_EXT_0027,D:\Tomato_Disease_Research\external_dataset\PlantDoc_tomato_subset\test\Tomato_leaf_late_blight\test_Tomato leaf late blight_8.jpg,test/Tomato_leaf_late_blight/test_Tomato leaf late blight_8.jpg,2,Tomato_Late_blight,2,Tomato_Late_blight,0.9999545812606812,True,True,True,True,False,2,Tomato_Late_blight,False
external,PlantDoc,27,PD_EXT_0028,D:\Tomato_Disease_Research\external_dataset\PlantDoc_tomato_subset\test\Tomato_leaf_late_blight\test_Tomato leaf late blight_9.jpg,test/Tomato_leaf_late_blight/test_Tomato leaf late blight_9.jpg,2,Tomato_Late_blight,2,Tomato_Late_blight,0.9999980926513672,True,True,True,True,False,2,Tomato_Late_blight,False
external,PlantDoc,28,PD_EXT_0029,D:\Tomato_Disease_Research\external_dataset\PlantDoc_tomato_subset\test\Tomato_mold_leaf\test_Tomato mold leaf_1.jpg,test/Tomato_mold_leaf/test_Tomato mold leaf_1.jpg,3,Tomato_Leaf_Mold,1,Tomato_Early_blight,0.9889935851097108,False,True,True,True,False,1,Tomato_Early_blight,True
external,PlantDoc,29,PD_EXT_0030,D:\Tomato_Disease_Research\external_dataset\PlantDoc_tomato_subset\test\Tomato_mold_leaf\test_Tomato mold leaf_2.jpg,test/Tomato_mold_leaf/test_Tomato mold leaf_2.jpg,3,Tomato_Leaf_Mold,3,Tomato_Leaf_Mold,0.9955716133117676,True,True,True,True,False,3,Tomato_Leaf_Mold,False
external,PlantDoc,30,PD_EXT_0031,D:\Tomato_Disease_Research\external_dataset\PlantDoc_tomato_subset\test\Tomato_mold_leaf\test_Tomato mold leaf_3.jpg,test/Tomato_mold_leaf/test_Tomato mold leaf_3.jpg,3,Tomato_Leaf_Mold,2,Tomato_Late_blight,0.9978729486465454,False,True,True,True,False,2,Tomato_Late_blight,True
external,PlantDoc,31,PD_EXT_0032,D:\Tomato_Disease_Research\external_dataset\PlantDoc_tomato_subset\test\Tomato_mold_leaf\test_Tomato mold leaf_4.jpg,test/Tomato_mold_leaf/test_Tomato mold leaf_4.jpg,3,Tomato_Leaf_Mold,2,Tomato_Late_blight,0.689055323600769,False,True,False,False,True,2,Tomato_Late_blight,True
external,PlantDoc,32,PD_EXT_0033,D:\Tomato_Disease_Research\external_dataset\PlantDoc_tomato_subset\test\Tomato_mold_leaf\test_Tomato mold leaf_5.jpg,test/Tomato_mold_leaf/test_Tomato mold leaf_5.jpg,3,Tomato_Leaf_Mold,1,Tomato_Early_blight,0.8753336071968079,False,True,False,False,False,1,Tomato_Early_blight,True
external,PlantDoc,33,PD_EXT_0034,D:\Tomato_Disease_Research\external_dataset\PlantDoc_tomato_subset\test\Tomato_mold_leaf\test_Tomato mold leaf_6.jpg,test/Tomato_mold_leaf/test_Tomato mold leaf_6.jpg,3,Tomato_Leaf_Mold,2,Tomato_Late_blight,0.9999772310256958,False,True,True,True,False,2,Tomato_Late_blight,True
external,PlantDoc,34,PD_EXT_0035,D:\Tomato_Disease_Research\external_dataset\PlantDoc_tomato_subset\test\Tomato_Septoria_leaf_spot\test_Tomato Septoria leaf spot_10.jpg,test/Tomato_Septoria_leaf_spot/test_Tomato Septoria leaf spot_10.jpg,4,Tomato_Septoria_leaf_spot,1,Tomato_Early_blight,0.9999233484268188,False,True,True,True,False,1,Tomato_Early_blight,True
external,PlantDoc,35,PD_EXT_0036,D:\Tomato_Disease_Research\external_dataset\PlantDoc_tomato_subset\test\Tomato_Septoria_leaf_spot\test_Tomato Septoria leaf spot_11.jpg,test/Tomato_Septoria_leaf_spot/test_Tomato Septoria leaf spot_11.jpg,4,Tomato_Septoria_leaf_spot,0,Tomato_Bacterial_spot,0.9526237845420836,False,True,True,True,False,0,Tomato_Bacterial_spot,True
external,PlantDoc,36,PD_EXT_0037,D:\Tomato_Disease_Research\external_dataset\PlantDoc_tomato_subset\test\Tomato_Septoria_leaf_spot\test_Tomato Septoria leaf spot_1_1.jpg,test/Tomato_Septoria_leaf_spot/test_Tomato Septoria leaf spot_1_1.jpg,4,Tomato_Septoria_leaf_spot,1,Tomato_Early_blight,0.9999880790710448,False,True,True,True,False,1,Tomato_Early_blight,True
external,PlantDoc,37,PD_EXT_0038,D:\Tomato_Disease_Research\external_dataset\PlantDoc_tomato_subset\test\Tomato_Septoria_leaf_spot\test_Tomato Septoria leaf spot_1_2.jpg,test/Tomato_Septoria_leaf_spot/test_Tomato Septoria leaf spot_1_2.jpg,4,Tomato_Septoria_leaf_spot,1,Tomato_Early_blight,0.9999761581420898,False,True,True,True,False,1,Tomato_Early_blight,True
external,PlantDoc,38,PD_EXT_0039,D:\Tomato_Disease_Research\external_dataset\PlantDoc_tomato_subset\test\Tomato_Septoria_leaf_spot\test_Tomato Septoria leaf spot_2.jpg,test/Tomato_Septoria_leaf_spot/test_Tomato Septoria leaf spot_2.jpg,4,Tomato_Septoria_leaf_spot,1,Tomato_Early_blight,0.9364585876464844,False,True,True,False,False,1,Tomato_Early_blight,True
external,PlantDoc,39,PD_EXT_0040,D:\Tomato_Disease_Research\external_dataset\PlantDoc_tomato_subset\test\Tomato_Septoria_leaf_spot\test_Tomato Septoria leaf spot_3.jpg,test/Tomato_Septoria_leaf_spot/test_Tomato Septoria leaf spot_3.jpg,4,Tomato_Septoria_leaf_spot,1,Tomato_Early_blight,0.949751913547516,False,True,True,False,False,1,Tomato_Early_blight,True
external,PlantDoc,40,PD_EXT_0041,D:\Tomato_Disease_Research\external_dataset\PlantDoc_tomato_subset\test\Tomato_Septoria_leaf_spot\test_Tomato Septoria leaf spot_4.jpg,test/Tomato_Septoria_leaf_spot/test_Tomato Septoria leaf spot_4.jpg,4,Tomato_Septoria_leaf_spot,4,Tomato_Septoria_leaf_spot,0.9999669790267944,True,True,True,True,False,4,Tomato_Septoria_leaf_spot,False
external,PlantDoc,41,PD_EXT_0042,D:\Tomato_Disease_Research\external_dataset\PlantDoc_tomato_subset\test\Tomato_Septoria_leaf_spot\test_Tomato Septoria leaf spot_5.jpg,test/Tomato_Septoria_leaf_spot/test_Tomato Septoria leaf spot_5.jpg,4,Tomato_Septoria_leaf_spot,4,Tomato_Septoria_leaf_spot,0.9999881982803344,True,True,True,True,False,4,Tomato_Septoria_leaf_spot,False
external,PlantDoc,42,PD_EXT_0043,D:\Tomato_Disease_Research\external_dataset\PlantDoc_tomato_subset\test\Tomato_Septoria_leaf_spot\test_Tomato Septoria leaf spot_6.jpg,test/Tomato_Septoria_leaf_spot/test_Tomato Septoria leaf spot_6.jpg,4,Tomato_Septoria_leaf_spot,4,Tomato_Septoria_leaf_spot,0.9999960660934448,True,True,True,True,False,4,Tomato_Septoria_leaf_spot,False
external,PlantDoc,43,PD_EXT_0044,D:\Tomato_Disease_Research\external_dataset\PlantDoc_tomato_subset\test\Tomato_Septoria_leaf_spot\test_Tomato Septoria leaf spot_7.jpg,test/Tomato_Septoria_leaf_spot/test_Tomato Septoria leaf spot_7.jpg,4,Tomato_Septoria_leaf_spot,4,Tomato_Septoria_leaf_spot,0.9809064269065856,True,True,True,True,False,4,Tomato_Septoria_leaf_spot,False
external,PlantDoc,44,PD_EXT_0045,D:\Tomato_Disease_Research\external_dataset\PlantDoc_tomato_subset\test\Tomato_Septoria_leaf_spot\test_Tomato Septoria leaf spot_8.jpg,test/Tomato_Septoria_leaf_spot/test_Tomato Septoria leaf spot_8.jpg,4,Tomato_Septoria_leaf_spot,4,Tomato_Septoria_leaf_spot,0.999572217464447,True,True,True,True,False,4,Tomato_Septoria_leaf_spot,False
external,PlantDoc,45,PD_EXT_0046,D:\Tomato_Disease_Research\external_dataset\PlantDoc_tomato_subset\test\Tomato_Septoria_leaf_spot\test_Tomato Septoria leaf spot_9.jpg,test/Tomato_Septoria_leaf_spot/test_Tomato Septoria leaf spot_9.jpg,4,Tomato_Septoria_leaf_spot,4,Tomato_Septoria_leaf_spot,0.9999984502792358,True,True,True,True,False,4,Tomato_Septoria_leaf_spot,False
external,PlantDoc,46,PD_EXT_0047,D:\Tomato_Disease_Research\external_dataset\PlantDoc_tomato_subset\test\Tomato_leaf_yellow_virus\test_Tomato leaf yellow virus_1.jpg,test/Tomato_leaf_yellow_virus/test_Tomato leaf yellow virus_1.jpg,7,Tomato__Tomato_YellowLeaf__Curl_Virus,2,Tomato_Late_blight,0.97798490524292,False,True,True,True,False,2,Tomato_Late_blight,True
external,PlantDoc,47,PD_EXT_0048,D:\Tomato_Disease_Research\external_dataset\PlantDoc_tomato_subset\test\Tomato_leaf_yellow_virus\test_Tomato leaf yellow virus_2_1.jpg,test/Tomato_leaf_yellow_virus/test_Tomato leaf yellow virus_2_1.jpg,7,Tomato__Tomato_YellowLeaf__Curl_Virus,2,Tomato_Late_blight,0.901578962802887,False,True,True,False,False,2,Tomato_Late_blight,True
external,PlantDoc,48,PD_EXT_0049,D:\Tomato_Disease_Research\external_dataset\PlantDoc_tomato_subset\test\Tomato_leaf_yellow_virus\test_Tomato leaf yellow virus_2_2.jpg,test/Tomato_leaf_yellow_virus/test_Tomato leaf yellow virus_2_2.jpg,7,Tomato__Tomato_YellowLeaf__Curl_Virus,7,Tomato__Tomato_YellowLeaf__Curl_Virus,0.9474633932113647,True,True,True,False,False,7,Tomato__Tomato_YellowLeaf__Curl_Virus,False
external,PlantDoc,49,PD_EXT_0050,D:\Tomato_Disease_Research\external_dataset\PlantDoc_tomato_subset\test\Tomato_leaf_yellow_virus\test_Tomato leaf yellow virus_2_3.jpg,test/Tomato_leaf_yellow_virus/test_Tomato leaf yellow virus_2_3.jpg,7,Tomato__Tomato_YellowLeaf__Curl_Virus,7,Tomato__Tomato_YellowLeaf__Curl_Virus,0.9999468326568604,True,True,True,True,False,7,Tomato__Tomato_YellowLeaf__Curl_Virus,False
external,PlantDoc,50,PD_EXT_0051,D:\Tomato_Disease_Research\external_dataset\PlantDoc_tomato_subset\test\Tomato_leaf_yellow_virus\test_Tomato leaf yellow virus_2_4.jpg,test/Tomato_leaf_yellow_virus/test_Tomato leaf yellow virus_2_4.jpg,7,Tomato__Tomato_YellowLeaf__Curl_Virus,7,Tomato__Tomato_YellowLeaf__Curl_Virus,0.9994725584983826,True,True,True,True,False,7,Tomato__Tomato_YellowLeaf__Curl_Virus,False
external,PlantDoc,51,PD_EXT_0052,D:\Tomato_Disease_Research\external_dataset\PlantDoc_tomato_subset\test\Tomato_leaf_yellow_virus\test_Tomato leaf yellow virus_2_5.jpg,test/Tomato_leaf_yellow_virus/test_Tomato leaf yellow virus_2_5.jpg,7,Tomato__Tomato_YellowLeaf__Curl_Virus,7,Tomato__Tomato_YellowLeaf__Curl_Virus,0.999722182750702,True,True,True,True,False,7,Tomato__Tomato_YellowLeaf__Curl_Virus,False
external,PlantDoc,52,PD_EXT_0053,D:\Tomato_Disease_Research\external_dataset\PlantDoc_tomato_subset\test\Tomato_leaf_yellow_virus\test_Tomato leaf yellow virus_2_6.jpg,test/Tomato_leaf_yellow_virus/test_Tomato leaf yellow virus_2_6.jpg,7,Tomato__Tomato_YellowLeaf__Curl_Virus,7,Tomato__Tomato_YellowLeaf__Curl_Virus,0.8083491921424866,True,True,False,False,False,7,Tomato__Tomato_YellowLeaf__Curl_Virus,False
external,PlantDoc,53,PD_EXT_0054,D:\Tomato_Disease_Research\external_dataset\PlantDoc_tomato_subset\test\Tomato_leaf_yellow_virus\test_Tomato leaf yellow virus_3_1.jpg,test/Tomato_leaf_yellow_virus/test_Tomato leaf yellow virus_3_1.jpg,7,Tomato__Tomato_YellowLeaf__Curl_Virus,2,Tomato_Late_blight,0.9999914169311525,False,True,True,True,False,2,Tomato_Late_blight,True
external,PlantDoc,54,PD_EXT_0055,D:\Tomato_Disease_Research\external_dataset\PlantDoc_tomato_subset\test\Tomato_leaf_yellow_virus\test_Tomato leaf yellow virus_3_2.jpg,test/Tomato_leaf_yellow_virus/test_Tomato leaf yellow virus_3_2.jpg,7,Tomato__Tomato_YellowLeaf__Curl_Virus,2,Tomato_Late_blight,0.9904014468193054,False,True,True,True,False,2,Tomato_Late_blight,True
external,PlantDoc,55,PD_EXT_0056,D:\Tomato_Disease_Research\external_dataset\PlantDoc_tomato_subset\test\Tomato_leaf_yellow_virus\test_Tomato leaf yellow virus_4_1.jpg,test/Tomato_leaf_yellow_virus/test_Tomato leaf yellow virus_4_1.jpg,7,Tomato__Tomato_YellowLeaf__Curl_Virus,7,Tomato__Tomato_YellowLeaf__Curl_Virus,0.9883350133895874,True,True,True,True,False,7,Tomato__Tomato_YellowLeaf__Curl_Virus,False
external,PlantDoc,56,PD_EXT_0057,D:\Tomato_Disease_Research\external_dataset\PlantDoc_tomato_subset\test\Tomato_leaf_yellow_virus\test_Tomato leaf yellow virus_4_2.jpg,test/Tomato_leaf_yellow_virus/test_Tomato leaf yellow virus_4_2.jpg,7,Tomato__Tomato_YellowLeaf__Curl_Virus,7,Tomato__Tomato_YellowLeaf__Curl_Virus,0.9755364656448364,True,True,True,True,False,7,Tomato__Tomato_YellowLeaf__Curl_Virus,False
external,PlantDoc,57,PD_EXT_0058,D:\Tomato_Disease_Research\external_dataset\PlantDoc_tomato_subset\test\Tomato_leaf_yellow_virus\test_Tomato leaf yellow virus_5.jpg,test/Tomato_leaf_yellow_virus/test_Tomato leaf yellow virus_5.jpg,7,Tomato__Tomato_YellowLeaf__Curl_Virus,7,Tomato__Tomato_YellowLeaf__Curl_Virus,0.8815003633499146,True,True,False,False,False,7,Tomato__Tomato_YellowLeaf__Curl_Virus,False
external,PlantDoc,58,PD_EXT_0059,D:\Tomato_Disease_Research\external_dataset\PlantDoc_tomato_subset\test\Tomato_leaf_yellow_virus\test_Tomato leaf yellow virus_6_1.jpg,test/Tomato_leaf_yellow_virus/test_Tomato leaf yellow virus_6_1.jpg,7,Tomato__Tomato_YellowLeaf__Curl_Virus,2,Tomato_Late_blight,0.5530862808227539,False,True,False,False,True,2,Tomato_Late_blight,True
external,PlantDoc,59,PD_EXT_0060,D:\Tomato_Disease_Research\external_dataset\PlantDoc_tomato_subset\test\Tomato_leaf_yellow_virus\test_Tomato leaf yellow virus_6_2.jpg,test/Tomato_leaf_yellow_virus/test_Tomato leaf yellow virus_6_2.jpg,7,Tomato__Tomato_YellowLeaf__Curl_Virus,0,Tomato_Bacterial_spot,0.4406662881374359,False,True,False,False,True,0,Tomato_Bacterial_spot,True
external,PlantDoc,60,PD_EXT_0061,D:\Tomato_Disease_Research\external_dataset\PlantDoc_tomato_subset\test\Tomato_leaf_yellow_virus\test_Tomato leaf yellow virus_6_3.jpg,test/Tomato_leaf_yellow_virus/test_Tomato leaf yellow virus_6_3.jpg,7,Tomato__Tomato_YellowLeaf__Curl_Virus,2,Tomato_Late_blight,0.9993828535079956,False,True,True,True,False,2,Tomato_Late_blight,True
external,PlantDoc,61,PD_EXT_0062,D:\Tomato_Disease_Research\external_dataset\PlantDoc_tomato_subset\test\Tomato_leaf_mosaic_virus\test_Tomato leaf mosaic virus_1.jpg,test/Tomato_leaf_mosaic_virus/test_Tomato leaf mosaic virus_1.jpg,8,Tomato__Tomato_mosaic_virus,2,Tomato_Late_blight,0.9296492338180542,False,True,True,False,False,2,Tomato_Late_blight,True
external,PlantDoc,62,PD_EXT_0063,D:\Tomato_Disease_Research\external_dataset\PlantDoc_tomato_subset\test\Tomato_leaf_mosaic_virus\test_Tomato leaf mosaic virus_10.jpg,test/Tomato_leaf_mosaic_virus/test_Tomato leaf mosaic virus_10.jpg,8,Tomato__Tomato_mosaic_virus,2,Tomato_Late_blight,0.9970752000808716,False,True,True,True,False,2,Tomato_Late_blight,True
external,PlantDoc,63,PD_EXT_0064,D:\Tomato_Disease_Research\external_dataset\PlantDoc_tomato_subset\test\Tomato_leaf_mosaic_virus\test_Tomato leaf mosaic virus_2.jpg,test/Tomato_leaf_mosaic_virus/test_Tomato leaf mosaic virus_2.jpg,8,Tomato__Tomato_mosaic_virus,2,Tomato_Late_blight,0.939938485622406,False,True,True,False,False,2,Tomato_Late_blight,True
external,PlantDoc,64,PD_EXT_0065,D:\Tomato_Disease_Research\external_dataset\PlantDoc_tomato_subset\test\Tomato_leaf_mosaic_virus\test_Tomato leaf mosaic virus_3.jpg,test/Tomato_leaf_mosaic_virus/test_Tomato leaf mosaic virus_3.jpg,8,Tomato__Tomato_mosaic_virus,3,Tomato_Leaf_Mold,0.37744140625,False,True,False,False,True,3,Tomato_Leaf_Mold,True
external,PlantDoc,65,PD_EXT_0066,D:\Tomato_Disease_Research\external_dataset\PlantDoc_tomato_subset\test\Tomato_leaf_mosaic_virus\test_Tomato leaf mosaic virus_4.jpg,test/Tomato_leaf_mosaic_virus/test_Tomato leaf mosaic virus_4.jpg,8,Tomato__Tomato_mosaic_virus,2,Tomato_Late_blight,0.9808016419410706,False,True,True,True,False,2,Tomato_Late_blight,True
external,PlantDoc,66,PD_EXT_0067,D:\Tomato_Disease_Research\external_dataset\PlantDoc_tomato_subset\test\Tomato_leaf_mosaic_virus\test_Tomato leaf mosaic virus_5.jpg,test/Tomato_leaf_mosaic_virus/test_Tomato leaf mosaic virus_5.jpg,8,Tomato__Tomato_mosaic_virus,3,Tomato_Leaf_Mold,0.9704959392547609,False,True,True,True,False,3,Tomato_Leaf_Mold,True
external,PlantDoc,67,PD_EXT_0068,D:\Tomato_Disease_Research\external_dataset\PlantDoc_tomato_subset\test\Tomato_leaf_mosaic_virus\test_Tomato leaf mosaic virus_6.jpg,test/Tomato_leaf_mosaic_virus/test_Tomato leaf mosaic virus_6.jpg,8,Tomato__Tomato_mosaic_virus,2,Tomato_Late_blight,0.9331840872764589,False,True,True,False,False,2,Tomato_Late_blight,True
external,PlantDoc,68,PD_EXT_0069,D:\Tomato_Disease_Research\external_dataset\PlantDoc_tomato_subset\test\Tomato_leaf_mosaic_virus\test_Tomato leaf mosaic virus_7.jpg,test/Tomato_leaf_mosaic_virus/test_Tomato leaf mosaic virus_7.jpg,8,Tomato__Tomato_mosaic_virus,2,Tomato_Late_blight,0.9993849992752076,False,True,True,True,False,2,Tomato_Late_blight,True
external,PlantDoc,69,PD_EXT_0070,D:\Tomato_Disease_Research\external_dataset\PlantDoc_tomato_subset\test\Tomato_leaf_mosaic_virus\test_Tomato leaf mosaic virus_8.jpg,test/Tomato_leaf_mosaic_virus/test_Tomato leaf mosaic virus_8.jpg,8,Tomato__Tomato_mosaic_virus,7,Tomato__Tomato_YellowLeaf__Curl_Virus,0.6243351101875305,False,True,False,False,True,7,Tomato__Tomato_YellowLeaf__Curl_Virus,True
external,PlantDoc,70,PD_EXT_0071,D:\Tomato_Disease_Research\external_dataset\PlantDoc_tomato_subset\test\Tomato_leaf_mosaic_virus\test_Tomato leaf mosaic virus_9.jpg,test/Tomato_leaf_mosaic_virus/test_Tomato leaf mosaic virus_9.jpg,8,Tomato__Tomato_mosaic_virus,3,Tomato_Leaf_Mold,0.6302501559257507,False,True,False,False,True,3,Tomato_Leaf_Mold,True
external,PlantDoc,71,PD_EXT_0072,D:\Tomato_Disease_Research\external_dataset\PlantDoc_tomato_subset\test\Tomato_leaf\test_Tomato leaf_1.jpg,test/Tomato_leaf/test_Tomato leaf_1.jpg,9,Tomato_healthy,2,Tomato_Late_blight,0.9999425411224364,False,True,True,True,False,2,Tomato_Late_blight,True
external,PlantDoc,72,PD_EXT_0073,D:\Tomato_Disease_Research\external_dataset\PlantDoc_tomato_subset\test\Tomato_leaf\test_Tomato leaf_2.jpg,test/Tomato_leaf/test_Tomato leaf_2.jpg,9,Tomato_healthy,2,Tomato_Late_blight,0.9962724447250366,False,True,True,True,False,2,Tomato_Late_blight,True
external,PlantDoc,73,PD_EXT_0074,D:\Tomato_Disease_Research\external_dataset\PlantDoc_tomato_subset\test\Tomato_leaf\test_Tomato leaf_3.jpg,test/Tomato_leaf/test_Tomato leaf_3.jpg,9,Tomato_healthy,2,Tomato_Late_blight,0.9657007455825806,False,True,True,True,False,2,Tomato_Late_blight,True
external,PlantDoc,74,PD_EXT_0075,D:\Tomato_Disease_Research\external_dataset\PlantDoc_tomato_subset\test\Tomato_leaf\test_Tomato leaf_4.jpg,test/Tomato_leaf/test_Tomato leaf_4.jpg,9,Tomato_healthy,2,Tomato_Late_blight,0.9999504089355468,False,True,True,True,False,2,Tomato_Late_blight,True
external,PlantDoc,75,PD_EXT_0076,D:\Tomato_Disease_Research\external_dataset\PlantDoc_tomato_subset\test\Tomato_leaf\test_Tomato leaf_5.jpg,test/Tomato_leaf/test_Tomato leaf_5.jpg,9,Tomato_healthy,3,Tomato_Leaf_Mold,0.8600966930389404,False,True,False,False,False,3,Tomato_Leaf_Mold,True
external,PlantDoc,76,PD_EXT_0077,D:\Tomato_Disease_Research\external_dataset\PlantDoc_tomato_subset\test\Tomato_leaf\test_Tomato leaf_6.jpg,test/Tomato_leaf/test_Tomato leaf_6.jpg,9,Tomato_healthy,2,Tomato_Late_blight,0.933190107345581,False,True,True,False,False,2,Tomato_Late_blight,True
external,PlantDoc,77,PD_EXT_0078,D:\Tomato_Disease_Research\external_dataset\PlantDoc_tomato_subset\test\Tomato_leaf\test_Tomato leaf_7.jpg,test/Tomato_leaf/test_Tomato leaf_7.jpg,9,Tomato_healthy,2,Tomato_Late_blight,0.5818392634391785,False,True,False,False,True,2,Tomato_Late_blight,True
external,PlantDoc,78,PD_EXT_0079,D:\Tomato_Disease_Research\external_dataset\PlantDoc_tomato_subset\test\Tomato_leaf\test_Tomato leaf_8.jpg,test/Tomato_leaf/test_Tomato leaf_8.jpg,9,Tomato_healthy,9,Tomato_healthy,0.9221420288085938,True,True,True,False,False,9,Tomato_healthy,False
