annotation_id,xai_case_id,domain,dataset,sample_id,selection_roles,correct_case,confidence,true_class_index,true_class_name,predicted_class_index,predicted_class_name,cam_type,cam_target_index,cam_target_name,semantic_reference,cam_path,heatmap_path,overlay_path,cam_area_ge_050,cam_spatial_entropy,attention_semantic_region,disease_region_alignment,background_bias,attention_focus,annotation_confidence,annotation_note
XAI_001_PRIMARY,XAI_001,internal,PlantVillage,PV_TEST_00230,internal_representative_correct,True,0.9999992640173208,0,Tomato_Bacterial_spot,0,Tomato_Bacterial_spot,PRIMARY_PREDICTED_CLASS,0,Tomato_Bacterial_spot,TRUE_CLASS,D:\Tomato_Disease_Research\results\xai_gradcampp\generation\locked_cases_d631f3c298ac\XAI_001\primary_predicted_class_cam.npy,D:\Tomato_Disease_Research\results\xai_gradcampp\generation\locked_cases_d631f3c298ac\XAI_001\primary_predicted_class_heatmap.png,D:\Tomato_Disease_Research\results\xai_gradcampp\generation\locked_cases_d631f3c298ac\XAI_001\primary_predicted_class_overlay.png,0.0756138392857142,0.9091946305403872,UNREVIEWED,UNREVIEWED,UNREVIEWED,UNREVIEWED,UNREVIEWED,
XAI_002_PRIMARY,XAI_002,internal,PlantVillage,PV_TEST_00330,internal_representative_correct,True,0.9999991479278652,1,Tomato_Early_blight,1,Tomato_Early_blight,PRIMARY_PREDICTED_CLASS,1,Tomato_Early_blight,TRUE_CLASS,D:\Tomato_Disease_Research\results\xai_gradcampp\generation\locked_cases_d631f3c298ac\XAI_002\primary_predicted_class_cam.npy,D:\Tomato_Disease_Research\results\xai_gradcampp\generation\locked_cases_d631f3c298ac\XAI_002\primary_predicted_class_heatmap.png,D:\Tomato_Disease_Research\results\xai_gradcampp\generation\locked_cases_d631f3c298ac\XAI_002\primary_predicted_class_overlay.png,0.2291733099489795,0.9504229704011028,UNREVIEWED,UNREVIEWED,UNREVIEWED,UNREVIEWED,UNREVIEWED,
XAI_003_PRIMARY,XAI_003,internal,PlantVillage,PV_TEST_00497,internal_representative_correct,True,0.9999985560595678,2,Tomato_Late_blight,2,Tomato_Late_blight,PRIMARY_PREDICTED_CLASS,2,Tomato_Late_blight,TRUE_CLASS,D:\Tomato_Disease_Research\results\xai_gradcampp\generation\locked_cases_d631f3c298ac\XAI_003\primary_predicted_class_cam.npy,D:\Tomato_Disease_Research\results\xai_gradcampp\generation\locked_cases_d631f3c298ac\XAI_003\primary_predicted_class_heatmap.png,D:\Tomato_Disease_Research\results\xai_gradcampp\generation\locked_cases_d631f3c298ac\XAI_003\primary_predicted_class_overlay.png,0.0363520408163265,0.8617528753871327,UNREVIEWED,UNREVIEWED,UNREVIEWED,UNREVIEWED,UNREVIEWED,
XAI_004_PRIMARY,XAI_004,internal,PlantVillage,PV_TEST_00850,internal_representative_correct,True,0.9999993493195394,3,Tomato_Leaf_Mold,3,Tomato_Leaf_Mold,PRIMARY_PREDICTED_CLASS,3,Tomato_Leaf_Mold,TRUE_CLASS,D:\Tomato_Disease_Research\results\xai_gradcampp\generation\locked_cases_d631f3c298ac\XAI_004\primary_predicted_class_cam.npy,D:\Tomato_Disease_Research\results\xai_gradcampp\generation\locked_cases_d631f3c298ac\XAI_004\primary_predicted_class_heatmap.png,D:\Tomato_Disease_Research\results\xai_gradcampp\generation\locked_cases_d631f3c298ac\XAI_004\primary_predicted_class_overlay.png,0.0858577806122449,0.8903646396445924,UNREVIEWED,UNREVIEWED,UNREVIEWED,UNREVIEWED,UNREVIEWED,
XAI_005_PRIMARY,XAI_005,internal,PlantVillage,PV_TEST_01070,internal_representative_correct,True,0.9999994719263872,4,Tomato_Septoria_leaf_spot,4,Tomato_Septoria_leaf_spot,PRIMARY_PREDICTED_CLASS,4,Tomato_Septoria_leaf_spot,TRUE_CLASS,D:\Tomato_Disease_Research\results\xai_gradcampp\generation\locked_cases_d631f3c298ac\XAI_005\primary_predicted_class_cam.npy,D:\Tomato_Disease_Research\results\xai_gradcampp\generation\locked_cases_d631f3c298ac\XAI_005\primary_predicted_class_heatmap.png,D:\Tomato_Disease_Research\results\xai_gradcampp\generation\locked_cases_d631f3c298ac\XAI_005\primary_predicted_class_overlay.png,0.0602479272959183,0.8886524421436779,UNREVIEWED,UNREVIEWED,UNREVIEWED,UNREVIEWED,UNREVIEWED,
XAI_006_PRIMARY,XAI_006,internal,PlantVillage,PV_TEST_01736,internal_representative_correct,True,0.9999991574045416,7,Tomato__Tomato_YellowLeaf__Curl_Virus,7,Tomato__Tomato_YellowLeaf__Curl_Virus,PRIMARY_PREDICTED_CLASS,7,Tomato__Tomato_YellowLeaf__Curl_Virus,TRUE_CLASS,D:\Tomato_Disease_Research\results\xai_gradcampp\generation\locked_cases_d631f3c298ac\XAI_006\primary_predicted_class_cam.npy,D:\Tomato_Disease_Research\results\xai_gradcampp\generation\locked_cases_d631f3c298ac\XAI_006\primary_predicted_class_heatmap.png,D:\Tomato_Disease_Research\results\xai_gradcampp\generation\locked_cases_d631f3c298ac\XAI_006\primary_predicted_class_overlay.png,0.0298349808673469,0.8432993613674491,UNREVIEWED,UNREVIEWED,UNREVIEWED,UNREVIEWED,UNREVIEWED,
XAI_007_PRIMARY,XAI_007,internal,PlantVillage,PV_TEST_02143,internal_representative_correct,True,0.9999991182413416,8,Tomato__Tomato_mosaic_virus,8,Tomato__Tomato_mosaic_virus,PRIMARY_PREDICTED_CLASS,8,Tomato__Tomato_mosaic_virus,TRUE_CLASS,D:\Tomato_Disease_Research\results\xai_gradcampp\generation\locked_cases_d631f3c298ac\XAI_007\primary_predicted_class_cam.npy,D:\Tomato_Disease_Research\results\xai_gradcampp\generation\locked_cases_d631f3c298ac\XAI_007\primary_predicted_class_heatmap.png,D:\Tomato_Disease_Research\results\xai_gradcampp\generation\locked_cases_d631f3c298ac\XAI_007\primary_predicted_class_overlay.png,0.2093032525510204,0.9775495842415908,UNREVIEWED,UNREVIEWED,UNREVIEWED,UNREVIEWED,UNREVIEWED,
XAI_008_PRIMARY,XAI_008,internal,PlantVillage,PV_TEST_02376,internal_representative_correct,True,0.9999972335642836,9,Tomato_healthy,9,Tomato_healthy,PRIMARY_PREDICTED_CLASS,9,Tomato_healthy,TRUE_CLASS,D:\Tomato_Disease_Research\results\xai_gradcampp\generation\locked_cases_d631f3c298ac\XAI_008\primary_predicted_class_cam.npy,D:\Tomato_Disease_Research\results\xai_gradcampp\generation\locked_cases_d631f3c298ac\XAI_008\primary_predicted_class_heatmap.png,D:\Tomato_Disease_Research\results\xai_gradcampp\generation\locked_cases_d631f3c298ac\XAI_008\primary_predicted_class_overlay.png,0.2977319834183674,0.9856621311596128,UNREVIEWED,UNREVIEWED,UNREVIEWED,UNREVIEWED,UNREVIEWED,
XAI_009_PRIMARY,XAI_009,internal,PlantVillage,PV_TEST_00429,internal_all_incorrect,False,0.9998940833150056,1,Tomato_Early_blight,2,Tomato_Late_blight,PRIMARY_PREDICTED_CLASS,2,Tomato_Late_blight,ERRONEOUS_PREDICTED_CLASS,D:\Tomato_Disease_Research\results\xai_gradcampp\generation\locked_cases_d631f3c298ac\XAI_009\primary_predicted_class_cam.npy,D:\Tomato_Disease_Research\results\xai_gradcampp\generation\locked_cases_d631f3c298ac\XAI_009\primary_predicted_class_heatmap.png,D:\Tomato_Disease_Research\results\xai_gradcampp\generation\locked_cases_d631f3c298ac\XAI_009\primary_predicted_class_overlay.png,0.0748565051020408,0.9050198105854496,UNREVIEWED,UNREVIEWED,UNREVIEWED,UNREVIEWED,UNREVIEWED,
XAI_009_TRUE,XAI_009,internal,PlantVillage,PV_TEST_00429,internal_all_incorrect,False,0.9998940833150056,1,Tomato_Early_blight,2,Tomato_Late_blight,SECONDARY_TRUE_CLASS,1,Tomato_Early_blight,TRUE_CLASS,D:\Tomato_Disease_Research\results\xai_gradcampp\generation\locked_cases_d631f3c298ac\XAI_009\secondary_true_class_cam.npy,D:\Tomato_Disease_Research\results\xai_gradcampp\generation\locked_cases_d631f3c298ac\XAI_009\secondary_true_class_heatmap.png,D:\Tomato_Disease_Research\results\xai_gradcampp\generation\locked_cases_d631f3c298ac\XAI_009\secondary_true_class_overlay.png,0.0964405293367346,0.9249174367701268,UNREVIEWED,UNREVIEWED,UNREVIEWED,UNREVIEWED,UNREVIEWED,
XAI_010_PRIMARY,XAI_010,internal,PlantVillage,PV_TEST_00595,internal_relative_lowest_confidence,True,0.8971366338183858,2,Tomato_Late_blight,2,Tomato_Late_blight,PRIMARY_PREDICTED_CLASS,2,Tomato_Late_blight,TRUE_CLASS,D:\Tomato_Disease_Research\results\xai_gradcampp\generation\locked_cases_d631f3c298ac\XAI_010\primary_predicted_class_cam.npy,D:\Tomato_Disease_Research\results\xai_gradcampp\generation\locked_cases_d631f3c298ac\XAI_010\primary_predicted_class_heatmap.png,D:\Tomato_Disease_Research\results\xai_gradcampp\generation\locked_cases_d631f3c298ac\XAI_010\primary_predicted_class_overlay.png,0.0445432079081632,0.9054963074874298,UNREVIEWED,UNREVIEWED,UNREVIEWED,UNREVIEWED,UNREVIEWED,
XAI_011_PRIMARY,XAI_011,internal,PlantVillage,PV_TEST_01023,internal_relative_lowest_confidence,True,0.7891365749756621,4,Tomato_Septoria_leaf_spot,4,Tomato_Septoria_leaf_spot,PRIMARY_PREDICTED_CLASS,4,Tomato_Septoria_leaf_spot,TRUE_CLASS,D:\Tomato_Disease_Research\results\xai_gradcampp\generation\locked_cases_d631f3c298ac\XAI_011\primary_predicted_class_cam.npy,D:\Tomato_Disease_Research\results\xai_gradcampp\generation\locked_cases_d631f3c298ac\XAI_011\primary_predicted_class_heatmap.png,D:\Tomato_Disease_Research\results\xai_gradcampp\generation\locked_cases_d631f3c298ac\XAI_011\primary_predicted_class_overlay.png,0.0283003826530612,0.9410580914234086,UNREVIEWED,UNREVIEWED,UNREVIEWED,UNREVIEWED,UNREVIEWED,
XAI_012_PRIMARY,XAI_012,internal,PlantVillage,PV_TEST_01111,internal_relative_lowest_confidence,True,0.9092378587972696,4,Tomato_Septoria_leaf_spot,4,Tomato_Septoria_leaf_spot,PRIMARY_PREDICTED_CLASS,4,Tomato_Septoria_leaf_spot,TRUE_CLASS,D:\Tomato_Disease_Research\results\xai_gradcampp\generation\locked_cases_d631f3c298ac\XAI_012\primary_predicted_class_cam.npy,D:\Tomato_Disease_Research\results\xai_gradcampp\generation\locked_cases_d631f3c298ac\XAI_012\primary_predicted_class_heatmap.png,D:\Tomato_Disease_Research\results\xai_gradcampp\generation\locked_cases_d631f3c298ac\XAI_012\primary_predicted_class_overlay.png,0.0947664221938775,0.9103199463374771,UNREVIEWED,UNREVIEWED,UNREVIEWED,UNREVIEWED,UNREVIEWED,
XAI_013_PRIMARY,XAI_013,external,PlantDoc,PD_EXT_0015,external_representative_correct,True,0.9999974966049194,1,Tomato_Early_blight,1,Tomato_Early_blight,PRIMARY_PREDICTED_CLASS,1,Tomato_Early_blight,TRUE_CLASS,D:\Tomato_Disease_Research\results\xai_gradcampp\generation\locked_cases_d631f3c298ac\XAI_013\primary_predicted_class_cam.npy,D:\Tomato_Disease_Research\results\xai_gradcampp\generation\locked_cases_d631f3c298ac\XAI_013\primary_predicted_class_heatmap.png,D:\Tomato_Disease_Research\results\xai_gradcampp\generation\locked_cases_d631f3c298ac\XAI_013\primary_predicted_class_overlay.png,0.0951052295918367,0.918845729199258,UNREVIEWED,UNREVIEWED,UNREVIEWED,UNREVIEWED,UNREVIEWED,
XAI_014_PRIMARY,XAI_014,external,PlantDoc,PD_EXT_0026,external_representative_correct,True,0.9999902248382568,2,Tomato_Late_blight,2,Tomato_Late_blight,PRIMARY_PREDICTED_CLASS,2,Tomato_Late_blight,TRUE_CLASS,D:\Tomato_Disease_Research\results\xai_gradcampp\generation\locked_cases_d631f3c298ac\XAI_014\primary_predicted_class_cam.npy,D:\Tomato_Disease_Research\results\xai_gradcampp\generation\locked_cases_d631f3c298ac\XAI_014\primary_predicted_class_heatmap.png,D:\Tomato_Disease_Research\results\xai_gradcampp\generation\locked_cases_d631f3c298ac\XAI_014\primary_predicted_class_overlay.png,0.0188536352040816,0.8891822205160803,UNREVIEWED,UNREVIEWED,UNREVIEWED,UNREVIEWED,UNREVIEWED,
XAI_015_PRIMARY,XAI_015,external,PlantDoc,PD_EXT_0030,external_representative_correct,True,0.9955716133117676,3,Tomato_Leaf_Mold,3,Tomato_Leaf_Mold,PRIMARY_PREDICTED_CLASS,3,Tomato_Leaf_Mold,TRUE_CLASS,D:\Tomato_Disease_Research\results\xai_gradcampp\generation\locked_cases_d631f3c298ac\XAI_015\primary_predicted_class_cam.npy,D:\Tomato_Disease_Research\results\xai_gradcampp\generation\locked_cases_d631f3c298ac\XAI_015\primary_predicted_class_heatmap.png,D:\Tomato_Disease_Research\results\xai_gradcampp\generation\locked_cases_d631f3c298ac\XAI_015\primary_predicted_class_overlay.png,0.1358219068877551,0.9074949067872844,UNREVIEWED,UNREVIEWED,UNREVIEWED,UNREVIEWED,UNREVIEWED,
XAI_016_PRIMARY,XAI_016,external,PlantDoc,PD_EXT_0042,external_representative_correct,True,0.9999881982803344,4,Tomato_Septoria_leaf_spot,4,Tomato_Septoria_leaf_spot,PRIMARY_PREDICTED_CLASS,4,Tomato_Septoria_leaf_spot,TRUE_CLASS,D:\Tomato_Disease_Research\results\xai_gradcampp\generation\locked_cases_d631f3c298ac\XAI_016\primary_predicted_class_cam.npy,D:\Tomato_Disease_Research\results\xai_gradcampp\generation\locked_cases_d631f3c298ac\XAI_016\primary_predicted_class_heatmap.png,D:\Tomato_Disease_Research\results\xai_gradcampp\generation\locked_cases_d631f3c298ac\XAI_016\primary_predicted_class_overlay.png,0.1936583227040816,0.9291077611956527,UNREVIEWED,UNREVIEWED,UNREVIEWED,UNREVIEWED,UNREVIEWED,
XAI_017_PRIMARY,XAI_017,external,PlantDoc,PD_EXT_0056,external_representative_correct,True,0.9883350133895874,7,Tomato__Tomato_YellowLeaf__Curl_Virus,7,Tomato__Tomato_YellowLeaf__Curl_Virus,PRIMARY_PREDICTED_CLASS,7,Tomato__Tomato_YellowLeaf__Curl_Virus,TRUE_CLASS,D:\Tomato_Disease_Research\results\xai_gradcampp\generation\locked_cases_d631f3c298ac\XAI_017\primary_predicted_class_cam.npy,D:\Tomato_Disease_Research\results\xai_gradcampp\generation\locked_cases_d631f3c298ac\XAI_017\primary_predicted_class_heatmap.png,D:\Tomato_Disease_Research\results\xai_gradcampp\generation\locked_cases_d631f3c298ac\XAI_017\primary_predicted_class_overlay.png,0.1637635522959183,0.91574186101221,UNREVIEWED,UNREVIEWED,UNREVIEWED,UNREVIEWED,UNREVIEWED,
XAI_018_PRIMARY,XAI_018,external,PlantDoc,PD_EXT_0079,external_representative_correct,True,0.9221420288085938,9,Tomato_healthy,9,Tomato_healthy,PRIMARY_PREDICTED_CLASS,9,Tomato_healthy,TRUE_CLASS,D:\Tomato_Disease_Research\results\xai_gradcampp\generation\locked_cases_d631f3c298ac\XAI_018\primary_predicted_class_cam.npy,D:\Tomato_Disease_Research\results\xai_gradcampp\generation\locked_cases_d631f3c298ac\XAI_018\primary_predicted_class_heatmap.png,D:\Tomato_Disease_Research\results\xai_gradcampp\generation\locked_cases_d631f3c298ac\XAI_018\primary_predicted_class_overlay.png,0.0340999681122448,0.9057808767359846,UNREVIEWED,UNREVIEWED,UNREVIEWED,UNREVIEWED,UNREVIEWED,
XAI_019_PRIMARY,XAI_019,external,PlantDoc,PD_EXT_0001,external_representative_incorrect,False,0.9995757937431335,0,Tomato_Bacterial_spot,4,Tomato_Septoria_leaf_spot,PRIMARY_PREDICTED_CLASS,4,Tomato_Septoria_leaf_spot,ERRONEOUS_PREDICTED_CLASS,D:\Tomato_Disease_Research\results\xai_gradcampp\generation\locked_cases_d631f3c298ac\XAI_019\primary_predicted_class_cam.npy,D:\Tomato_Disease_Research\results\xai_gradcampp\generation\locked_cases_d631f3c298ac\XAI_019\primary_predicted_class_heatmap.png,D:\Tomato_Disease_Research\results\xai_gradcampp\generation\locked_cases_d631f3c298ac\XAI_019\primary_predicted_class_overlay.png,0.1247807716836734,0.9116082119288772,UNREVIEWED,UNREVIEWED,UNREVIEWED,UNREVIEWED,UNREVIEWED,
XAI_019_TRUE,XAI_019,external,PlantDoc,PD_EXT_0001,external_representative_incorrect,False,0.9995757937431335,0,Tomato_Bacterial_spot,4,Tomato_Septoria_leaf_spot,SECONDARY_TRUE_CLASS,0,Tomato_Bacterial_spot,TRUE_CLASS,D:\Tomato_Disease_Research\results\xai_gradcampp\generation\locked_cases_d631f3c298ac\XAI_019\secondary_true_class_cam.npy,D:\Tomato_Disease_Research\results\xai_gradcampp\generation\locked_cases_d631f3c298ac\XAI_019\secondary_true_class_heatmap.png,D:\Tomato_Disease_Research\results\xai_gradcampp\generation\locked_cases_d631f3c298ac\XAI_019\secondary_true_class_overlay.png,0.0854591836734693,0.9457179429540736,UNREVIEWED,UNREVIEWED,UNREVIEWED,UNREVIEWED,UNREVIEWED,
XAI_020_PRIMARY,XAI_020,external,PlantDoc,PD_EXT_0012,external_representative_incorrect,False,0.997334361076355,1,Tomato_Early_blight,4,Tomato_Septoria_leaf_spot,PRIMARY_PREDICTED_CLASS,4,Tomato_Septoria_leaf_spot,ERRONEOUS_PREDICTED_CLASS,D:\Tomato_Disease_Research\results\xai_gradcampp\generation\locked_cases_d631f3c298ac\XAI_020\primary_predicted_class_cam.npy,D:\Tomato_Disease_Research\results\xai_gradcampp\generation\locked_cases_d631f3c298ac\XAI_020\primary_predicted_class_heatmap.png,D:\Tomato_Disease_Research\results\xai_gradcampp\generation\locked_cases_d631f3c298ac\XAI_020\primary_predicted_class_overlay.png,0.0992307079081632,0.8860030987984936,UNREVIEWED,UNREVIEWED,UNREVIEWED,UNREVIEWED,UNREVIEWED,
XAI_020_TRUE,XAI_020,external,PlantDoc,PD_EXT_0012,external_representative_incorrect,False,0.997334361076355,1,Tomato_Early_blight,4,Tomato_Septoria_leaf_spot,SECONDARY_TRUE_CLASS,1,Tomato_Early_blight,TRUE_CLASS,D:\Tomato_Disease_Research\results\xai_gradcampp\generation\locked_cases_d631f3c298ac\XAI_020\secondary_true_class_cam.npy,D:\Tomato_Disease_Research\results\xai_gradcampp\generation\locked_cases_d631f3c298ac\XAI_020\secondary_true_class_heatmap.png,D:\Tomato_Disease_Research\results\xai_gradcampp\generation\locked_cases_d631f3c298ac\XAI_020\secondary_true_class_overlay.png,0.0656090561224489,0.9428932622715578,UNREVIEWED,UNREVIEWED,UNREVIEWED,UNREVIEWED,UNREVIEWED,
XAI_021_PRIMARY,XAI_021,external,PlantDoc,PD_EXT_0023,external_representative_incorrect;external_high_confidence_incorrect,False,0.9999958276748656,2,Tomato_Late_blight,1,Tomato_Early_blight,PRIMARY_PREDICTED_CLASS,1,Tomato_Early_blight,ERRONEOUS_PREDICTED_CLASS,D:\Tomato_Disease_Research\results\xai_gradcampp\generation\locked_cases_d631f3c298ac\XAI_021\primary_predicted_class_cam.npy,D:\Tomato_Disease_Research\results\xai_gradcampp\generation\locked_cases_d631f3c298ac\XAI_021\primary_predicted_class_heatmap.png,D:\Tomato_Disease_Research\results\xai_gradcampp\generation\locked_cases_d631f3c298ac\XAI_021\primary_predicted_class_overlay.png,0.047134088010204,0.9275272111860724,UNREVIEWED,UNREVIEWED,UNREVIEWED,UNREVIEWED,UNREVIEWED,
XAI_021_TRUE,XAI_021,external,PlantDoc,PD_EXT_0023,external_representative_incorrect;external_high_confidence_incorrect,False,0.9999958276748656,2,Tomato_Late_blight,1,Tomato_Early_blight,SECONDARY_TRUE_CLASS,2,Tomato_Late_blight,TRUE_CLASS,D:\Tomato_Disease_Research\results\xai_gradcampp\generation\locked_cases_d631f3c298ac\XAI_021\secondary_true_class_cam.npy,D:\Tomato_Disease_Research\results\xai_gradcampp\generation\locked_cases_d631f3c298ac\XAI_021\secondary_true_class_heatmap.png,D:\Tomato_Disease_Research\results\xai_gradcampp\generation\locked_cases_d631f3c298ac\XAI_021\secondary_true_class_overlay.png,0.0449019451530612,0.9081192604406422,UNREVIEWED,UNREVIEWED,UNREVIEWED,UNREVIEWED,UNREVIEWED,
XAI_022_PRIMARY,XAI_022,external,PlantDoc,PD_EXT_0029,external_representative_incorrect,False,0.9889935851097108,3,Tomato_Leaf_Mold,1,Tomato_Early_blight,PRIMARY_PREDICTED_CLASS,1,Tomato_Early_blight,ERRONEOUS_PREDICTED_CLASS,D:\Tomato_Disease_Research\results\xai_gradcampp\generation\locked_cases_d631f3c298ac\XAI_022\primary_predicted_class_cam.npy,D:\Tomato_Disease_Research\results\xai_gradcampp\generation\locked_cases_d631f3c298ac\XAI_022\primary_predicted_class_heatmap.png,D:\Tomato_Disease_Research\results\xai_gradcampp\generation\locked_cases_d631f3c298ac\XAI_022\primary_predicted_class_overlay.png,0.1558314732142857,0.9146737145160972,UNREVIEWED,UNREVIEWED,UNREVIEWED,UNREVIEWED,UNREVIEWED,
XAI_022_TRUE,XAI_022,external,PlantDoc,PD_EXT_0029,external_representative_incorrect,False,0.9889935851097108,3,Tomato_Leaf_Mold,1,Tomato_Early_blight,SECONDARY_TRUE_CLASS,3,Tomato_Leaf_Mold,TRUE_CLASS,D:\Tomato_Disease_Research\results\xai_gradcampp\generation\locked_cases_d631f3c298ac\XAI_022\secondary_true_class_cam.npy,D:\Tomato_Disease_Research\results\xai_gradcampp\generation\locked_cases_d631f3c298ac\XAI_022\secondary_true_class_heatmap.png,D:\Tomato_Disease_Research\results\xai_gradcampp\generation\locked_cases_d631f3c298ac\XAI_022\secondary_true_class_overlay.png,0.0245735012755102,0.9217834614342052,UNREVIEWED,UNREVIEWED,UNREVIEWED,UNREVIEWED,UNREVIEWED,
XAI_023_PRIMARY,XAI_023,external,PlantDoc,PD_EXT_0035,external_representative_incorrect,False,0.9999233484268188,4,Tomato_Septoria_leaf_spot,1,Tomato_Early_blight,PRIMARY_PREDICTED_CLASS,1,Tomato_Early_blight,ERRONEOUS_PREDICTED_CLASS,D:\Tomato_Disease_Research\results\xai_gradcampp\generation\locked_cases_d631f3c298ac\XAI_023\primary_predicted_class_cam.npy,D:\Tomato_Disease_Research\results\xai_gradcampp\generation\locked_cases_d631f3c298ac\XAI_023\primary_predicted_class_heatmap.png,D:\Tomato_Disease_Research\results\xai_gradcampp\generation\locked_cases_d631f3c298ac\XAI_023\primary_predicted_class_overlay.png,0.0641940369897959,0.9338976430547756,UNREVIEWED,UNREVIEWED,UNREVIEWED,UNREVIEWED,UNREVIEWED,
XAI_023_TRUE,XAI_023,external,PlantDoc,PD_EXT_0035,external_representative_incorrect,False,0.9999233484268188,4,Tomato_Septoria_leaf_spot,1,Tomato_Early_blight,SECONDARY_TRUE_CLASS,4,Tomato_Septoria_leaf_spot,TRUE_CLASS,D:\Tomato_Disease_Research\results\xai_gradcampp\generation\locked_cases_d631f3c298ac\XAI_023\secondary_true_class_cam.npy,D:\Tomato_Disease_Research\results\xai_gradcampp\generation\locked_cases_d631f3c298ac\XAI_023\secondary_true_class_heatmap.png,D:\Tomato_Disease_Research\results\xai_gradcampp\generation\locked_cases_d631f3c298ac\XAI_023\secondary_true_class_overlay.png,0.069156568877551,0.8533462665715471,UNREVIEWED,UNREVIEWED,UNREVIEWED,UNREVIEWED,UNREVIEWED,
XAI_024_PRIMARY,XAI_024,external,PlantDoc,PD_EXT_0047,external_representative_incorrect,False,0.97798490524292,7,Tomato__Tomato_YellowLeaf__Curl_Virus,2,Tomato_Late_blight,PRIMARY_PREDICTED_CLASS,2,Tomato_Late_blight,ERRONEOUS_PREDICTED_CLASS,D:\Tomato_Disease_Research\results\xai_gradcampp\generation\locked_cases_d631f3c298ac\XAI_024\primary_predicted_class_cam.npy,D:\Tomato_Disease_Research\results\xai_gradcampp\generation\locked_cases_d631f3c298ac\XAI_024\primary_predicted_class_heatmap.png,D:\Tomato_Disease_Research\results\xai_gradcampp\generation\locked_cases_d631f3c298ac\XAI_024\primary_predicted_class_overlay.png,0.1095543686224489,0.8835341207696804,UNREVIEWED,UNREVIEWED,UNREVIEWED,UNREVIEWED,UNREVIEWED,
XAI_024_TRUE,XAI_024,external,PlantDoc,PD_EXT_0047,external_representative_incorrect,False,0.97798490524292,7,Tomato__Tomato_YellowLeaf__Curl_Virus,2,Tomato_Late_blight,SECONDARY_TRUE_CLASS,7,Tomato__Tomato_YellowLeaf__Curl_Virus,TRUE_CLASS,D:\Tomato_Disease_Research\results\xai_gradcampp\generation\locked_cases_d631f3c298ac\XAI_024\secondary_true_class_cam.npy,D:\Tomato_Disease_Research\results\xai_gradcampp\generation\locked_cases_d631f3c298ac\XAI_024\secondary_true_class_heatmap.png,D:\Tomato_Disease_Research\results\xai_gradcampp\generation\locked_cases_d631f3c298ac\XAI_024\secondary_true_class_overlay.png,0.0271444515306122,0.9191710502382856,UNREVIEWED,UNREVIEWED,UNREVIEWED,UNREVIEWED,UNREVIEWED,
XAI_025_PRIMARY,XAI_025,external,PlantDoc,PD_EXT_0068,external_representative_incorrect,False,0.9331840872764589,8,Tomato__Tomato_mosaic_virus,2,Tomato_Late_blight,PRIMARY_PREDICTED_CLASS,2,Tomato_Late_blight,ERRONEOUS_PREDICTED_CLASS,D:\Tomato_Disease_Research\results\xai_gradcampp\generation\locked_cases_d631f3c298ac\XAI_025\primary_predicted_class_cam.npy,D:\Tomato_Disease_Research\results\xai_gradcampp\generation\locked_cases_d631f3c298ac\XAI_025\primary_predicted_class_heatmap.png,D:\Tomato_Disease_Research\results\xai_gradcampp\generation\locked_cases_d631f3c298ac\XAI_025\primary_predicted_class_overlay.png,0.0335419323979591,0.8686848741430689,UNREVIEWED,UNREVIEWED,UNREVIEWED,UNREVIEWED,UNREVIEWED,
XAI_025_TRUE,XAI_025,external,PlantDoc,PD_EXT_0068,external_representative_incorrect,False,0.9331840872764589,8,Tomato__Tomato_mosaic_virus,2,Tomato_Late_blight,SECONDARY_TRUE_CLASS,8,Tomato__Tomato_mosaic_virus,TRUE_CLASS,D:\Tomato_Disease_Research\results\xai_gradcampp\generation\locked_cases_d631f3c298ac\XAI_025\secondary_true_class_cam.npy,D:\Tomato_Disease_Research\results\xai_gradcampp\generation\locked_cases_d631f3c298ac\XAI_025\secondary_true_class_heatmap.png,D:\Tomato_Disease_Research\results\xai_gradcampp\generation\locked_cases_d631f3c298ac\XAI_025\secondary_true_class_overlay.png,0.1058474170918367,0.9564473957555172,UNREVIEWED,UNREVIEWED,UNREVIEWED,UNREVIEWED,UNREVIEWED,
XAI_026_PRIMARY,XAI_026,external,PlantDoc,PD_EXT_0074,external_representative_incorrect,False,0.9657007455825806,9,Tomato_healthy,2,Tomato_Late_blight,PRIMARY_PREDICTED_CLASS,2,Tomato_Late_blight,ERRONEOUS_PREDICTED_CLASS,D:\Tomato_Disease_Research\results\xai_gradcampp\generation\locked_cases_d631f3c298ac\XAI_026\primary_predicted_class_cam.npy,D:\Tomato_Disease_Research\results\xai_gradcampp\generation\locked_cases_d631f3c298ac\XAI_026\primary_predicted_class_heatmap.png,D:\Tomato_Disease_Research\results\xai_gradcampp\generation\locked_cases_d631f3c298ac\XAI_026\primary_predicted_class_overlay.png,0.0585538903061224,0.8712425488793325,UNREVIEWED,UNREVIEWED,UNREVIEWED,UNREVIEWED,UNREVIEWED,
XAI_026_TRUE,XAI_026,external,PlantDoc,PD_EXT_0074,external_representative_incorrect,False,0.9657007455825806,9,Tomato_healthy,2,Tomato_Late_blight,SECONDARY_TRUE_CLASS,9,Tomato_healthy,TRUE_CLASS,D:\Tomato_Disease_Research\results\xai_gradcampp\generation\locked_cases_d631f3c298ac\XAI_026\secondary_true_class_cam.npy,D:\Tomato_Disease_Research\results\xai_gradcampp\generation\locked_cases_d631f3c298ac\XAI_026\secondary_true_class_heatmap.png,D:\Tomato_Disease_Research\results\xai_gradcampp\generation\locked_cases_d631f3c298ac\XAI_026\secondary_true_class_overlay.png,0.1530412946428571,0.932962753453326,UNREVIEWED,UNREVIEWED,UNREVIEWED,UNREVIEWED,UNREVIEWED,
XAI_027_PRIMARY,XAI_027,external,PlantDoc,PD_EXT_0010,external_high_confidence_correct,True,0.999998927116394,1,Tomato_Early_blight,1,Tomato_Early_blight,PRIMARY_PREDICTED_CLASS,1,Tomato_Early_blight,TRUE_CLASS,D:\Tomato_Disease_Research\results\xai_gradcampp\generation\locked_cases_d631f3c298ac\XAI_027\primary_predicted_class_cam.npy,D:\Tomato_Disease_Research\results\xai_gradcampp\generation\locked_cases_d631f3c298ac\XAI_027\primary_predicted_class_heatmap.png,D:\Tomato_Disease_Research\results\xai_gradcampp\generation\locked_cases_d631f3c298ac\XAI_027\primary_predicted_class_overlay.png,0.1014429209183673,0.951159222430314,UNREVIEWED,UNREVIEWED,UNREVIEWED,UNREVIEWED,UNREVIEWED,
XAI_028_PRIMARY,XAI_028,external,PlantDoc,PD_EXT_0013,external_high_confidence_correct,True,0.9999988079071044,1,Tomato_Early_blight,1,Tomato_Early_blight,PRIMARY_PREDICTED_CLASS,1,Tomato_Early_blight,TRUE_CLASS,D:\Tomato_Disease_Research\results\xai_gradcampp\generation\locked_cases_d631f3c298ac\XAI_028\primary_predicted_class_cam.npy,D:\Tomato_Disease_Research\results\xai_gradcampp\generation\locked_cases_d631f3c298ac\XAI_028\primary_predicted_class_heatmap.png,D:\Tomato_Disease_Research\results\xai_gradcampp\generation\locked_cases_d631f3c298ac\XAI_028\primary_predicted_class_overlay.png,0.0714883609693877,0.9568570597703624,UNREVIEWED,UNREVIEWED,UNREVIEWED,UNREVIEWED,UNREVIEWED,
XAI_029_PRIMARY,XAI_029,external,PlantDoc,PD_EXT_0019,external_high_confidence_correct,True,0.9999982118606568,2,Tomato_Late_blight,2,Tomato_Late_blight,PRIMARY_PREDICTED_CLASS,2,Tomato_Late_blight,TRUE_CLASS,D:\Tomato_Disease_Research\results\xai_gradcampp\generation\locked_cases_d631f3c298ac\XAI_029\primary_predicted_class_cam.npy,D:\Tomato_Disease_Research\results\xai_gradcampp\generation\locked_cases_d631f3c298ac\XAI_029\primary_predicted_class_heatmap.png,D:\Tomato_Disease_Research\results\xai_gradcampp\generation\locked_cases_d631f3c298ac\XAI_029\primary_predicted_class_overlay.png,0.0609454719387755,0.9384085834001366,UNREVIEWED,UNREVIEWED,UNREVIEWED,UNREVIEWED,UNREVIEWED,
XAI_030_PRIMARY,XAI_030,external,PlantDoc,PD_EXT_0028,external_high_confidence_correct,True,0.9999980926513672,2,Tomato_Late_blight,2,Tomato_Late_blight,PRIMARY_PREDICTED_CLASS,2,Tomato_Late_blight,TRUE_CLASS,D:\Tomato_Disease_Research\results\xai_gradcampp\generation\locked_cases_d631f3c298ac\XAI_030\primary_predicted_class_cam.npy,D:\Tomato_Disease_Research\results\xai_gradcampp\generation\locked_cases_d631f3c298ac\XAI_030\primary_predicted_class_heatmap.png,D:\Tomato_Disease_Research\results\xai_gradcampp\generation\locked_cases_d631f3c298ac\XAI_030\primary_predicted_class_overlay.png,0.0328244579081632,0.891080117840557,UNREVIEWED,UNREVIEWED,UNREVIEWED,UNREVIEWED,UNREVIEWED,
XAI_031_PRIMARY,XAI_031,external,PlantDoc,PD_EXT_0046,external_high_confidence_correct,True,0.9999984502792358,4,Tomato_Septoria_leaf_spot,4,Tomato_Septoria_leaf_spot,PRIMARY_PREDICTED_CLASS,4,Tomato_Septoria_leaf_spot,TRUE_CLASS,D:\Tomato_Disease_Research\results\xai_gradcampp\generation\locked_cases_d631f3c298ac\XAI_031\primary_predicted_class_cam.npy,D:\Tomato_Disease_Research\results\xai_gradcampp\generation\locked_cases_d631f3c298ac\XAI_031\primary_predicted_class_heatmap.png,D:\Tomato_Disease_Research\results\xai_gradcampp\generation\locked_cases_d631f3c298ac\XAI_031\primary_predicted_class_overlay.png,0.197265625,0.9266750078450362,UNREVIEWED,UNREVIEWED,UNREVIEWED,UNREVIEWED,UNREVIEWED,
XAI_032_PRIMARY,XAI_032,external,PlantDoc,PD_EXT_0011,external_high_confidence_incorrect,False,0.9999966621398926,1,Tomato_Early_blight,2,Tomato_Late_blight,PRIMARY_PREDICTED_CLASS,2,Tomato_Late_blight,ERRONEOUS_PREDICTED_CLASS,D:\Tomato_Disease_Research\results\xai_gradcampp\generation\locked_cases_d631f3c298ac\XAI_032\primary_predicted_class_cam.npy,D:\Tomato_Disease_Research\results\xai_gradcampp\generation\locked_cases_d631f3c298ac\XAI_032\primary_predicted_class_heatmap.png,D:\Tomato_Disease_Research\results\xai_gradcampp\generation\locked_cases_d631f3c298ac\XAI_032\primary_predicted_class_overlay.png,0.0277024872448979,0.895725977794418,UNREVIEWED,UNREVIEWED,UNREVIEWED,UNREVIEWED,UNREVIEWED,
XAI_032_TRUE,XAI_032,external,PlantDoc,PD_EXT_0011,external_high_confidence_incorrect,False,0.9999966621398926,1,Tomato_Early_blight,2,Tomato_Late_blight,SECONDARY_TRUE_CLASS,1,Tomato_Early_blight,TRUE_CLASS,D:\Tomato_Disease_Research\results\xai_gradcampp\generation\locked_cases_d631f3c298ac\XAI_032\secondary_true_class_cam.npy,D:\Tomato_Disease_Research\results\xai_gradcampp\generation\locked_cases_d631f3c298ac\XAI_032\secondary_true_class_heatmap.png,D:\Tomato_Disease_Research\results\xai_gradcampp\generation\locked_cases_d631f3c298ac\XAI_032\secondary_true_class_overlay.png,0.0356146364795918,0.8782908587892132,UNREVIEWED,UNREVIEWED,UNREVIEWED,UNREVIEWED,UNREVIEWED,
XAI_033_PRIMARY,XAI_033,external,PlantDoc,PD_EXT_0020,external_high_confidence_incorrect,False,0.9999936819076538,2,Tomato_Late_blight,3,Tomato_Leaf_Mold,PRIMARY_PREDICTED_CLASS,3,Tomato_Leaf_Mold,ERRONEOUS_PREDICTED_CLASS,D:\Tomato_Disease_Research\results\xai_gradcampp\generation\locked_cases_d631f3c298ac\XAI_033\primary_predicted_class_cam.npy,D:\Tomato_Disease_Research\results\xai_gradcampp\generation\locked_cases_d631f3c298ac\XAI_033\primary_predicted_class_heatmap.png,D:\Tomato_Disease_Research\results\xai_gradcampp\generation\locked_cases_d631f3c298ac\XAI_033\primary_predicted_class_overlay.png,0.034000318877551,0.8914857053785618,UNREVIEWED,UNREVIEWED,UNREVIEWED,UNREVIEWED,UNREVIEWED,
XAI_033_TRUE,XAI_033,external,PlantDoc,PD_EXT_0020,external_high_confidence_incorrect,False,0.9999936819076538,2,Tomato_Late_blight,3,Tomato_Leaf_Mold,SECONDARY_TRUE_CLASS,2,Tomato_Late_blight,TRUE_CLASS,D:\Tomato_Disease_Research\results\xai_gradcampp\generation\locked_cases_d631f3c298ac\XAI_033\secondary_true_class_cam.npy,D:\Tomato_Disease_Research\results\xai_gradcampp\generation\locked_cases_d631f3c298ac\XAI_033\secondary_true_class_heatmap.png,D:\Tomato_Disease_Research\results\xai_gradcampp\generation\locked_cases_d631f3c298ac\XAI_033\secondary_true_class_overlay.png,0.0655094068877551,0.9387556716151308,UNREVIEWED,UNREVIEWED,UNREVIEWED,UNREVIEWED,UNREVIEWED,
XAI_034_PRIMARY,XAI_034,external,PlantDoc,PD_EXT_0037,external_high_confidence_incorrect,False,0.9999880790710448,4,Tomato_Septoria_leaf_spot,1,Tomato_Early_blight,PRIMARY_PREDICTED_CLASS,1,Tomato_Early_blight,ERRONEOUS_PREDICTED_CLASS,D:\Tomato_Disease_Research\results\xai_gradcampp\generation\locked_cases_d631f3c298ac\XAI_034\primary_predicted_class_cam.npy,D:\Tomato_Disease_Research\results\xai_gradcampp\generation\locked_cases_d631f3c298ac\XAI_034\primary_predicted_class_heatmap.png,D:\Tomato_Disease_Research\results\xai_gradcampp\generation\locked_cases_d631f3c298ac\XAI_034\primary_predicted_class_overlay.png,0.0928930165816326,0.913332271561495,UNREVIEWED,UNREVIEWED,UNREVIEWED,UNREVIEWED,UNREVIEWED,
XAI_034_TRUE,XAI_034,external,PlantDoc,PD_EXT_0037,external_high_confidence_incorrect,False,0.9999880790710448,4,Tomato_Septoria_leaf_spot,1,Tomato_Early_blight,SECONDARY_TRUE_CLASS,4,Tomato_Septoria_leaf_spot,TRUE_CLASS,D:\Tomato_Disease_Research\results\xai_gradcampp\generation\locked_cases_d631f3c298ac\XAI_034\secondary_true_class_cam.npy,D:\Tomato_Disease_Research\results\xai_gradcampp\generation\locked_cases_d631f3c298ac\XAI_034\secondary_true_class_heatmap.png,D:\Tomato_Disease_Research\results\xai_gradcampp\generation\locked_cases_d631f3c298ac\XAI_034\secondary_true_class_overlay.png,0.0967992665816326,0.8841342624604785,UNREVIEWED,UNREVIEWED,UNREVIEWED,UNREVIEWED,UNREVIEWED,
XAI_035_PRIMARY,XAI_035,external,PlantDoc,PD_EXT_0054,external_high_confidence_incorrect,False,0.9999914169311525,7,Tomato__Tomato_YellowLeaf__Curl_Virus,2,Tomato_Late_blight,PRIMARY_PREDICTED_CLASS,2,Tomato_Late_blight,ERRONEOUS_PREDICTED_CLASS,D:\Tomato_Disease_Research\results\xai_gradcampp\generation\locked_cases_d631f3c298ac\XAI_035\primary_predicted_class_cam.npy,D:\Tomato_Disease_Research\results\xai_gradcampp\generation\locked_cases_d631f3c298ac\XAI_035\primary_predicted_class_heatmap.png,D:\Tomato_Disease_Research\results\xai_gradcampp\generation\locked_cases_d631f3c298ac\XAI_035\primary_predicted_class_overlay.png,0.0679807079081632,0.9204462221932644,UNREVIEWED,UNREVIEWED,UNREVIEWED,UNREVIEWED,UNREVIEWED,
XAI_035_TRUE,XAI_035,external,PlantDoc,PD_EXT_0054,external_high_confidence_incorrect,False,0.9999914169311525,7,Tomato__Tomato_YellowLeaf__Curl_Virus,2,Tomato_Late_blight,SECONDARY_TRUE_CLASS,7,Tomato__Tomato_YellowLeaf__Curl_Virus,TRUE_CLASS,D:\Tomato_Disease_Research\results\xai_gradcampp\generation\locked_cases_d631f3c298ac\XAI_035\secondary_true_class_cam.npy,D:\Tomato_Disease_Research\results\xai_gradcampp\generation\locked_cases_d631f3c298ac\XAI_035\secondary_true_class_heatmap.png,D:\Tomato_Disease_Research\results\xai_gradcampp\generation\locked_cases_d631f3c298ac\XAI_035\secondary_true_class_overlay.png,0.0388233418367346,0.9225238113812452,UNREVIEWED,UNREVIEWED,UNREVIEWED,UNREVIEWED,UNREVIEWED,
XAI_036_PRIMARY,XAI_036,external,PlantDoc,PD_EXT_0004,external_low_confidence,False,0.5455209612846375,0,Tomato_Bacterial_spot,4,Tomato_Septoria_leaf_spot,PRIMARY_PREDICTED_CLASS,4,Tomato_Septoria_leaf_spot,ERRONEOUS_PREDICTED_CLASS,D:\Tomato_Disease_Research\results\xai_gradcampp\generation\locked_cases_d631f3c298ac\XAI_036\primary_predicted_class_cam.npy,D:\Tomato_Disease_Research\results\xai_gradcampp\generation\locked_cases_d631f3c298ac\XAI_036\primary_predicted_class_heatmap.png,D:\Tomato_Disease_Research\results\xai_gradcampp\generation\locked_cases_d631f3c298ac\XAI_036\primary_predicted_class_overlay.png,0.1630460778061224,0.9378175607614052,UNREVIEWED,UNREVIEWED,UNREVIEWED,UNREVIEWED,UNREVIEWED,
XAI_036_TRUE,XAI_036,external,PlantDoc,PD_EXT_0004,external_low_confidence,False,0.5455209612846375,0,Tomato_Bacterial_spot,4,Tomato_Septoria_leaf_spot,SECONDARY_TRUE_CLASS,0,Tomato_Bacterial_spot,TRUE_CLASS,D:\Tomato_Disease_Research\results\xai_gradcampp\generation\locked_cases_d631f3c298ac\XAI_036\secondary_true_class_cam.npy,D:\Tomato_Disease_Research\results\xai_gradcampp\generation\locked_cases_d631f3c298ac\XAI_036\secondary_true_class_heatmap.png,D:\Tomato_Disease_Research\results\xai_gradcampp\generation\locked_cases_d631f3c298ac\XAI_036\secondary_true_class_overlay.png,0.1232860331632653,0.9488253301141842,UNREVIEWED,UNREVIEWED,UNREVIEWED,UNREVIEWED,UNREVIEWED,
XAI_037_PRIMARY,XAI_037,external,PlantDoc,PD_EXT_0059,external_low_confidence,False,0.5530862808227539,7,Tomato__Tomato_YellowLeaf__Curl_Virus,2,Tomato_Late_blight,PRIMARY_PREDICTED_CLASS,2,Tomato_Late_blight,ERRONEOUS_PREDICTED_CLASS,D:\Tomato_Disease_Research\results\xai_gradcampp\generation\locked_cases_d631f3c298ac\XAI_037\primary_predicted_class_cam.npy,D:\Tomato_Disease_Research\results\xai_gradcampp\generation\locked_cases_d631f3c298ac\XAI_037\primary_predicted_class_heatmap.png,D:\Tomato_Disease_Research\results\xai_gradcampp\generation\locked_cases_d631f3c298ac\XAI_037\primary_predicted_class_overlay.png,0.0958227040816326,0.8795064804323811,UNREVIEWED,UNREVIEWED,UNREVIEWED,UNREVIEWED,UNREVIEWED,
XAI_037_TRUE,XAI_037,external,PlantDoc,PD_EXT_0059,external_low_confidence,False,0.5530862808227539,7,Tomato__Tomato_YellowLeaf__Curl_Virus,2,Tomato_Late_blight,SECONDARY_TRUE_CLASS,7,Tomato__Tomato_YellowLeaf__Curl_Virus,TRUE_CLASS,D:\Tomato_Disease_Research\results\xai_gradcampp\generation\locked_cases_d631f3c298ac\XAI_037\secondary_true_class_cam.npy,D:\Tomato_Disease_Research\results\xai_gradcampp\generation\locked_cases_d631f3c298ac\XAI_037\secondary_true_class_heatmap.png,D:\Tomato_Disease_Research\results\xai_gradcampp\generation\locked_cases_d631f3c298ac\XAI_037\secondary_true_class_overlay.png,0.0395208864795918,0.931305290123638,UNREVIEWED,UNREVIEWED,UNREVIEWED,UNREVIEWED,UNREVIEWED,
XAI_038_PRIMARY,XAI_038,external,PlantDoc,PD_EXT_0060,external_low_confidence,False,0.4406662881374359,7,Tomato__Tomato_YellowLeaf__Curl_Virus,0,Tomato_Bacterial_spot,PRIMARY_PREDICTED_CLASS,0,Tomato_Bacterial_spot,ERRONEOUS_PREDICTED_CLASS,D:\Tomato_Disease_Research\results\xai_gradcampp\generation\locked_cases_d631f3c298ac\XAI_038\primary_predicted_class_cam.npy,D:\Tomato_Disease_Research\results\xai_gradcampp\generation\locked_cases_d631f3c298ac\XAI_038\primary_predicted_class_heatmap.png,D:\Tomato_Disease_Research\results\xai_gradcampp\generation\locked_cases_d631f3c298ac\XAI_038\primary_predicted_class_overlay.png,0.0890864158163265,0.899486406507231,UNREVIEWED,UNREVIEWED,UNREVIEWED,UNREVIEWED,UNREVIEWED,
XAI_038_TRUE,XAI_038,external,PlantDoc,PD_EXT_0060,external_low_confidence,False,0.4406662881374359,7,Tomato__Tomato_YellowLeaf__Curl_Virus,0,Tomato_Bacterial_spot,SECONDARY_TRUE_CLASS,7,Tomato__Tomato_YellowLeaf__Curl_Virus,TRUE_CLASS,D:\Tomato_Disease_Research\results\xai_gradcampp\generation\locked_cases_d631f3c298ac\XAI_038\secondary_true_class_cam.npy,D:\Tomato_Disease_Research\results\xai_gradcampp\generation\locked_cases_d631f3c298ac\XAI_038\secondary_true_class_heatmap.png,D:\Tomato_Disease_Research\results\xai_gradcampp\generation\locked_cases_d631f3c298ac\XAI_038\secondary_true_class_overlay.png,0.0909598214285714,0.9235670957927732,UNREVIEWED,UNREVIEWED,UNREVIEWED,UNREVIEWED,UNREVIEWED,
XAI_039_PRIMARY,XAI_039,external,PlantDoc,PD_EXT_0065,external_low_confidence,False,0.37744140625,8,Tomato__Tomato_mosaic_virus,3,Tomato_Leaf_Mold,PRIMARY_PREDICTED_CLASS,3,Tomato_Leaf_Mold,ERRONEOUS_PREDICTED_CLASS,D:\Tomato_Disease_Research\results\xai_gradcampp\generation\locked_cases_d631f3c298ac\XAI_039\primary_predicted_class_cam.npy,D:\Tomato_Disease_Research\results\xai_gradcampp\generation\locked_cases_d631f3c298ac\XAI_039\primary_predicted_class_heatmap.png,D:\Tomato_Disease_Research\results\xai_gradcampp\generation\locked_cases_d631f3c298ac\XAI_039\primary_predicted_class_overlay.png,0.1100526147959183,0.9083533267095796,UNREVIEWED,UNREVIEWED,UNREVIEWED,UNREVIEWED,UNREVIEWED,
XAI_039_TRUE,XAI_039,external,PlantDoc,PD_EXT_0065,external_low_confidence,False,0.37744140625,8,Tomato__Tomato_mosaic_virus,3,Tomato_Leaf_Mold,SECONDARY_TRUE_CLASS,8,Tomato__Tomato_mosaic_virus,TRUE_CLASS,D:\Tomato_Disease_Research\results\xai_gradcampp\generation\locked_cases_d631f3c298ac\XAI_039\secondary_true_class_cam.npy,D:\Tomato_Disease_Research\results\xai_gradcampp\generation\locked_cases_d631f3c298ac\XAI_039\secondary_true_class_heatmap.png,D:\Tomato_Disease_Research\results\xai_gradcampp\generation\locked_cases_d631f3c298ac\XAI_039\secondary_true_class_overlay.png,0.0198700573979591,0.9278698180834536,UNREVIEWED,UNREVIEWED,UNREVIEWED,UNREVIEWED,UNREVIEWED,
XAI_040_PRIMARY,XAI_040,external,PlantDoc,PD_EXT_0078,external_low_confidence,False,0.5818392634391785,9,Tomato_healthy,2,Tomato_Late_blight,PRIMARY_PREDICTED_CLASS,2,Tomato_Late_blight,ERRONEOUS_PREDICTED_CLASS,D:\Tomato_Disease_Research\results\xai_gradcampp\generation\locked_cases_d631f3c298ac\XAI_040\primary_predicted_class_cam.npy,D:\Tomato_Disease_Research\results\xai_gradcampp\generation\locked_cases_d631f3c298ac\XAI_040\primary_predicted_class_heatmap.png,D:\Tomato_Disease_Research\results\xai_gradcampp\generation\locked_cases_d631f3c298ac\XAI_040\primary_predicted_class_overlay.png,0.1496532206632653,0.9320379108345662,UNREVIEWED,UNREVIEWED,UNREVIEWED,UNREVIEWED,UNREVIEWED,
XAI_040_TRUE,XAI_040,external,PlantDoc,PD_EXT_0078,external_low_confidence,False,0.5818392634391785,9,Tomato_healthy,2,Tomato_Late_blight,SECONDARY_TRUE_CLASS,9,Tomato_healthy,TRUE_CLASS,D:\Tomato_Disease_Research\results\xai_gradcampp\generation\locked_cases_d631f3c298ac\XAI_040\secondary_true_class_cam.npy,D:\Tomato_Disease_Research\results\xai_gradcampp\generation\locked_cases_d631f3c298ac\XAI_040\secondary_true_class_heatmap.png,D:\Tomato_Disease_Research\results\xai_gradcampp\generation\locked_cases_d631f3c298ac\XAI_040\secondary_true_class_overlay.png,0.1115274234693877,0.9420187692115242,UNREVIEWED,UNREVIEWED,UNREVIEWED,UNREVIEWED,UNREVIEWED,
