Asset ID,Group,Title,Artifact Type,Source Part,Required,Exists,Size Bytes,Relative Path,Absolute Path,SHA256
FIG01_PNG,Main Figure,Figure 01 — Research Workflow,PNG,24.2,True,True,2390202,Figures\Figure_01_Research_Workflow.png,D:\Tomato_Disease_Research\Conference_Paper_Assets\Figures\Figure_01_Research_Workflow.png,c485d6148757bb9f36b79939bae5f752de543d9b32c688d4c823b2da70d83490
FIG01_PDF,Main Figure,Figure 01 — Research Workflow,PDF,24.2,True,True,89274,Figures\Figure_01_Research_Workflow.pdf,D:\Tomato_Disease_Research\Conference_Paper_Assets\Figures\Figure_01_Research_Workflow.pdf,21c490dda94910350e067b18ab2b460a5c10c7df2b361c97856aea94a7f698d3
FIG02_PNG,Main Figure,Figure 02 — External PlantDoc Normalized Confusion Matrix,PNG,24.6,True,True,279096,Figures\Figure_02_External_PlantDoc_Normalized_Confusion_Matrix.png,D:\Tomato_Disease_Research\Conference_Paper_Assets\Figures\Figure_02_External_PlantDoc_Normalized_Confusion_Matrix.png,903f6ed0f74d707feb57149b282ba60adc066a3e961f2e9f2c6a2be90ee57a44
FIG02_PDF,Main Figure,Figure 02 — External PlantDoc Normalized Confusion Matrix,PDF,24.6,True,True,25752,Figures\Figure_02_External_PlantDoc_Normalized_Confusion_Matrix.pdf,D:\Tomato_Disease_Research\Conference_Paper_Assets\Figures\Figure_02_External_PlantDoc_Normalized_Confusion_Matrix.pdf,56c7dbba90263f9a0640bc6c0c544d861650cf9541d06229e088fb35c956890f
FIG02_CAPTION,Main Figure,Figure 02 — External PlantDoc Normalized Confusion Matrix,Caption,24.6,True,True,634,Figures\Figure_02_External_PlantDoc_Normalized_Confusion_Matrix_Caption.txt,D:\Tomato_Disease_Research\Conference_Paper_Assets\Figures\Figure_02_External_PlantDoc_Normalized_Confusion_Matrix_Caption.txt,2c379e62b67e21b971ba2adc360c7a4d3220b6d442d3d67d4002c8dbc5f09ad3
FIG03_PNG,Main Figure,Figure 03 — Class-wise F1 Degradation,PNG,24.7B,True,True,443789,Figures\Figure_03_Classwise_F1_Degradation.png,D:\Tomato_Disease_Research\Conference_Paper_Assets\Figures\Figure_03_Classwise_F1_Degradation.png,b1b60d9ded3949f421e9aa156d12686dbc8911e858c97065dcd0408cc6a56ac8
FIG03_PDF,Main Figure,Figure 03 — Class-wise F1 Degradation,PDF,24.7B,True,True,42612,Figures\Figure_03_Classwise_F1_Degradation.pdf,D:\Tomato_Disease_Research\Conference_Paper_Assets\Figures\Figure_03_Classwise_F1_Degradation.pdf,d8201154528f44066418120635d42bff4c5580ff29802d5d663492b65d1f6f83
FIG03_CAPTION,Main Figure,Figure 03 — Class-wise F1 Degradation,Caption,24.7B,True,True,649,Figures\Figure_03_Classwise_F1_Degradation_Caption.txt,D:\Tomato_Disease_Research\Conference_Paper_Assets\Figures\Figure_03_Classwise_F1_Degradation_Caption.txt,11414f932bfe7ad302bc72455998805c10ae0d4d9b604d91cea3d5fdf357fe8b
FIG03_DATA_CSV,Supporting Data,Figure 03 — Class-wise F1 Degradation,CSV,24.7B,True,True,516,Data\Figure_03_Classwise_F1_Degradation_Data.csv,D:\Tomato_Disease_Research\Conference_Paper_Assets\Data\Figure_03_Classwise_F1_Degradation_Data.csv,c23a299853549703f99b8276f58afb606e720d05f92225e7435c27c0b08b92ee
FIG03_DATA_XLSX,Supporting Data,Figure 03 — Class-wise F1 Degradation,XLSX,24.7B,True,True,5199,Data\Figure_03_Classwise_F1_Degradation_Data.xlsx,D:\Tomato_Disease_Research\Conference_Paper_Assets\Data\Figure_03_Classwise_F1_Degradation_Data.xlsx,b240adae4449e8faed2814da7d9eefaba38480f35d741e309c8aeac9caa951c1
FIG04_PNG,Main Figure,Figure 04 — Dataset-Level Visual Domain Shift,PNG,24.8,True,True,882792,Figures\Figure_04_Dataset_Level_Domain_Shift.png,D:\Tomato_Disease_Research\Conference_Paper_Assets\Figures\Figure_04_Dataset_Level_Domain_Shift.png,2717f6449be06472c8471718f344d3ad6c69b1d98def7f5453bbdd5492f285ef
FIG04_PDF,Main Figure,Figure 04 — Dataset-Level Visual Domain Shift,PDF,24.8,True,True,55448,Figures\Figure_04_Dataset_Level_Domain_Shift.pdf,D:\Tomato_Disease_Research\Conference_Paper_Assets\Figures\Figure_04_Dataset_Level_Domain_Shift.pdf,d8aaae53b3e3b524ea5211660ec42509a9b882bb99eda9fea762ae6c6ae2bbfb
FIG04_CAPTION,Main Figure,Figure 04 — Dataset-Level Visual Domain Shift,Caption,24.8,True,True,774,Figures\Figure_04_Dataset_Level_Domain_Shift_Caption.txt,D:\Tomato_Disease_Research\Conference_Paper_Assets\Figures\Figure_04_Dataset_Level_Domain_Shift_Caption.txt,91fc9e462f1573ceeb5a8d9254b7a644918c1724ed0795d6bc88cbe64099bbe9
FIG04_PER_IMAGE_CSV,Supporting Data,Figure 04 — Per-image Visual Statistics,CSV,24.8,True,True,715651,Data\Dataset_Visual_Shift_Per_Image.csv,D:\Tomato_Disease_Research\Conference_Paper_Assets\Data\Dataset_Visual_Shift_Per_Image.csv,d0f5c44676290d8241fa59f2652cb7d410d02348271cbeb56314f0d78628fca2
FIG04_PER_IMAGE_XLSX,Supporting Data,Figure 04 — Per-image Visual Statistics,XLSX,24.8,True,True,339216,Data\Dataset_Visual_Shift_Per_Image.xlsx,D:\Tomato_Disease_Research\Conference_Paper_Assets\Data\Dataset_Visual_Shift_Per_Image.xlsx,332e39b817f3254eda29a03612f1f982e18671e3f7b9c39a736b1faa3624cb1d
FIG04_SUMMARY_CSV,Supporting Data,Figure 04 — Visual Shift Summary,CSV,24.8,True,True,2572,Data\Dataset_Visual_Shift_Summary.csv,D:\Tomato_Disease_Research\Conference_Paper_Assets\Data\Dataset_Visual_Shift_Summary.csv,4cffac8767046e4d51a1e847b900f17feed305e8fafd5a7da76fb5c6f31f3374
FIG04_SUMMARY_XLSX,Supporting Data,Figure 04 — Visual Shift Summary,XLSX,24.8,True,True,6700,Data\Dataset_Visual_Shift_Summary.xlsx,D:\Tomato_Disease_Research\Conference_Paper_Assets\Data\Dataset_Visual_Shift_Summary.xlsx,8d71ebe4d7a78b67359ec587a3a5eae4ad019e98c6ad6345a0a89b5da22b3531
FIG05_PNG,Main Figure,Figure 05 — Frozen ConvNeXt Feature-Space PCA,PNG,24.9D,True,True,1624579,Figures\Figure_05_Frozen_ConvNeXt_Feature_Space_PCA.png,D:\Tomato_Disease_Research\Conference_Paper_Assets\Figures\Figure_05_Frozen_ConvNeXt_Feature_Space_PCA.png,ea2f777955dbd108f5bf0d52ae2efd2c294609f1c5e8301db361edd32a21c127
FIG05_PDF,Main Figure,Figure 05 — Frozen ConvNeXt Feature-Space PCA,PDF,24.9D,True,True,76100,Figures\Figure_05_Frozen_ConvNeXt_Feature_Space_PCA.pdf,D:\Tomato_Disease_Research\Conference_Paper_Assets\Figures\Figure_05_Frozen_ConvNeXt_Feature_Space_PCA.pdf,8ab71a4f53c0b126d39b22383705ac1b4f5562217537b560759fccbd1b7d5ff7
FIG05_CAPTION,Main Figure,Figure 05 — Frozen ConvNeXt Feature-Space PCA,Caption,24.9D,True,True,714,Figures\Figure_05_Frozen_ConvNeXt_Feature_Space_PCA_Caption.txt,D:\Tomato_Disease_Research\Conference_Paper_Assets\Figures\Figure_05_Frozen_ConvNeXt_Feature_Space_PCA_Caption.txt,ed7d74d40fe6ce04a9cf1e5112a009da52a763cf0f993c6e31999b561a7b9000
FIG05_COORD_CSV,Supporting Data,Figure 05 — PCA Coordinates,CSV,24.9D,True,True,490792,Data\Frozen_ConvNeXt_PCA_Coordinates.csv,D:\Tomato_Disease_Research\Conference_Paper_Assets\Data\Frozen_ConvNeXt_PCA_Coordinates.csv,a11fcb41dd1034a77496a43a2eba83ba2f40fc016b5794a0a922168e9b6270a6
FIG05_COORD_XLSX,Supporting Data,Figure 05 — PCA Coordinates,XLSX,24.9D,True,True,250325,Data\Frozen_ConvNeXt_PCA_Coordinates.xlsx,D:\Tomato_Disease_Research\Conference_Paper_Assets\Data\Frozen_ConvNeXt_PCA_Coordinates.xlsx,4ac59839ee6993fd222326687d4973f2bbd3a69a78ec8c020dd982cdaefeb114
FIG05_SUMMARY_CSV,Supporting Data,Figure 05 — PCA Summary,CSV,24.9D,True,True,513,Data\Frozen_ConvNeXt_PCA_Summary.csv,D:\Tomato_Disease_Research\Conference_Paper_Assets\Data\Frozen_ConvNeXt_PCA_Summary.csv,941f6133d317832d705ad8aff1219c63c273806551aa34d7cb01339401b9b2df
FIG05_SUMMARY_XLSX,Supporting Data,Figure 05 — PCA Summary,XLSX,24.9D,True,True,5230,Data\Frozen_ConvNeXt_PCA_Summary.xlsx,D:\Tomato_Disease_Research\Conference_Paper_Assets\Data\Frozen_ConvNeXt_PCA_Summary.xlsx,a73ff54e3fdb1a0cd4495623643520fbcdc1d7209902cb5b96081b1f235fee62
FIG05_PCA_MODEL,Supporting Data,Figure 05 — PCA Model,NPZ,24.9D,True,True,27951,Data\Frozen_ConvNeXt_PCA_Model.npz,D:\Tomato_Disease_Research\Conference_Paper_Assets\Data\Frozen_ConvNeXt_PCA_Model.npz,4a228cd1dcf0f2063f4d6fadcf219946e918f487927101c1c415de9294cd927c
FIG06_PNG,Main Figure,Figure 06 — External Correct vs Wrong XAI,PNG,24.11,True,True,149287,Figures\Figure_06_External_Correct_vs_Wrong_XAI_Comparison.png,D:\Tomato_Disease_Research\Conference_Paper_Assets\Figures\Figure_06_External_Correct_vs_Wrong_XAI_Comparison.png,7d646ed9e6feb299ed0160726ce68e0cdc4145be44b7872a92fa1fa1aaa0503c
FIG06_PDF,Main Figure,Figure 06 — External Correct vs Wrong XAI,PDF,24.11,True,True,20361,Figures\Figure_06_External_Correct_vs_Wrong_XAI_Comparison.pdf,D:\Tomato_Disease_Research\Conference_Paper_Assets\Figures\Figure_06_External_Correct_vs_Wrong_XAI_Comparison.pdf,7a5f1b4cf8f39dbfe39288daa309484bc0391057ad1801518e76f828af2f6aa6
FIG06_CAPTION,Main Figure,Figure 06 — External Correct vs Wrong XAI,Caption,24.11,True,True,682,Figures\Figure_06_External_Correct_vs_Wrong_XAI_Comparison_Caption.txt,D:\Tomato_Disease_Research\Conference_Paper_Assets\Figures\Figure_06_External_Correct_vs_Wrong_XAI_Comparison_Caption.txt,f50611b42ffcf23ab40a4af986a254bcc8449349f7b417504f58abf7ba9f1a63
TAB01_PNG,Main Table,Table I — Dataset Composition and Leakage-Controlled Protocol,PNG,24.3,True,True,369915,Tables\Table_01_Dataset_Split_Leakage.png,D:\Tomato_Disease_Research\Conference_Paper_Assets\Tables\Table_01_Dataset_Split_Leakage.png,2b4b86e415848a256104625b9621d671b65d45405990b1e37b5ae78e5e69d5cf
TAB01_PDF,Main Table,Table I — Dataset Composition and Leakage-Controlled Protocol,PDF,24.3,True,True,43020,Tables\Table_01_Dataset_Split_Leakage.pdf,D:\Tomato_Disease_Research\Conference_Paper_Assets\Tables\Table_01_Dataset_Split_Leakage.pdf,96d2918fe25610f8cabd4ee963ba4c99544bdda7c99476d7eb4e0fd7d002d432
TAB01_CSV,Main Table,Table I — Dataset Composition and Leakage-Controlled Protocol,CSV,24.3,True,True,372,Tables\Table_01_Dataset_Split_Leakage.csv,D:\Tomato_Disease_Research\Conference_Paper_Assets\Tables\Table_01_Dataset_Split_Leakage.csv,6dda2d4516e29eb83f055833ed9323bcda05a4ce3a5bb2c21d4d491777e860ca
TAB01_XLSX,Main Table,Table I — Dataset Composition and Leakage-Controlled Protocol,XLSX,24.3,True,True,5132,Tables\Table_01_Dataset_Split_Leakage.xlsx,D:\Tomato_Disease_Research\Conference_Paper_Assets\Tables\Table_01_Dataset_Split_Leakage.xlsx,a0f7c0ff3c50f743a50c26e439e69243c04889460cf67d1418702261c5a58250
TAB01_TEX,Main Table,Table I — Dataset Composition and Leakage-Controlled Protocol,TEX,24.3,True,True,1036,Tables\Table_01_Dataset_Split_Leakage.tex,D:\Tomato_Disease_Research\Conference_Paper_Assets\Tables\Table_01_Dataset_Split_Leakage.tex,b26935c254ac2ea49d10f69efc7cfaec48bcd90d682a88cde44204f92872dd2a
TAB02_PNG,Main Table,Table II — Internal Model Benchmark,PNG,24.4,True,True,432360,Tables\Table_02_Internal_Model_Benchmark.png,D:\Tomato_Disease_Research\Conference_Paper_Assets\Tables\Table_02_Internal_Model_Benchmark.png,73dd23672c5d25223f9796effafc10113f7064fb7e514479f4a42817b585cd7c
TAB02_PDF,Main Table,Table II — Internal Model Benchmark,PDF,24.4,True,True,47631,Tables\Table_02_Internal_Model_Benchmark.pdf,D:\Tomato_Disease_Research\Conference_Paper_Assets\Tables\Table_02_Internal_Model_Benchmark.pdf,1a628f9c944d2b1db90327a10847dcbe37a91ef5b871725754fc5096c1bc9e31
TAB02_CSV,Main Table,Table II — Internal Model Benchmark,CSV,24.4,True,True,407,Tables\Table_02_Internal_Model_Benchmark.csv,D:\Tomato_Disease_Research\Conference_Paper_Assets\Tables\Table_02_Internal_Model_Benchmark.csv,6805eb50f8e0af4020abf3c2ce2a4fde6285404f12d8ce4b8b8e70d7dc752128
TAB02_XLSX,Main Table,Table II — Internal Model Benchmark,XLSX,24.4,True,True,5262,Tables\Table_02_Internal_Model_Benchmark.xlsx,D:\Tomato_Disease_Research\Conference_Paper_Assets\Tables\Table_02_Internal_Model_Benchmark.xlsx,9e5625aad52aba17bf19b5a4cc1d1eed357b28ab199d49b94f606109afc40ce3
TAB02_TEX,Main Table,Table II — Internal Model Benchmark,TEX,24.4,True,True,1195,Tables\Table_02_Internal_Model_Benchmark.tex,D:\Tomato_Disease_Research\Conference_Paper_Assets\Tables\Table_02_Internal_Model_Benchmark.tex,ef06340d10e07d67273349f1171195878b628c2befbd7a206d7dd5f8110322a9
TAB03_PNG,Main Table,Table III — Internal vs External Generalization and Calibration,PNG,24.10A,True,True,523947,Tables\Table_03_Internal_vs_External_Generalization_Calibration.png,D:\Tomato_Disease_Research\Conference_Paper_Assets\Tables\Table_03_Internal_vs_External_Generalization_Calibration.png,18abfbd2c939beae369b553eb06c4746ba81d989cdd047acef4c0ecc9825574c
TAB03_PDF,Main Table,Table III — Internal vs External Generalization and Calibration,PDF,24.10A,True,True,33093,Tables\Table_03_Internal_vs_External_Generalization_Calibration.pdf,D:\Tomato_Disease_Research\Conference_Paper_Assets\Tables\Table_03_Internal_vs_External_Generalization_Calibration.pdf,15b92e3918d275a705a16b02ebc742a4fd19fd6a7c8c80654f489f678ed1f684
TAB03_CSV,Main Table,Table III — Internal vs External Generalization and Calibration,CSV,24.10A,True,True,464,Tables\Table_03_Internal_vs_External_Generalization_Calibration.csv,D:\Tomato_Disease_Research\Conference_Paper_Assets\Tables\Table_03_Internal_vs_External_Generalization_Calibration.csv,cba1ccb88ebcaa59d9511f0c53b1856edfa3806dba6af07dc0ec55366df42e8d
TAB03_XLSX,Main Table,Table III — Internal vs External Generalization and Calibration,XLSX,24.10A,True,True,6380,Tables\Table_03_Internal_vs_External_Generalization_Calibration.xlsx,D:\Tomato_Disease_Research\Conference_Paper_Assets\Tables\Table_03_Internal_vs_External_Generalization_Calibration.xlsx,176225bd401a002e4a437bef94c415939b55a1289015a35f29aa3f4ec20fc753
TAB03_TEX,Main Table,Table III — Internal vs External Generalization and Calibration,TEX,24.10A,True,True,1283,Tables\Table_03_Internal_vs_External_Generalization_Calibration.tex,D:\Tomato_Disease_Research\Conference_Paper_Assets\Tables\Table_03_Internal_vs_External_Generalization_Calibration.tex,4d5a7edaf3e7a3e2f3ec04175c3ed12e6810bb1224d7e8b07f9871c14deefa49
TAB03_NOTE,Main Table,Table III — Note,TXT,24.10A,True,True,558,Tables\Table_03_Internal_vs_External_Generalization_Calibration_Note.txt,D:\Tomato_Disease_Research\Conference_Paper_Assets\Tables\Table_03_Internal_vs_External_Generalization_Calibration_Note.txt,736fef6ede6208bf9f7257a9f1cd791ee4f505e1e500fa299f63d17bfc74aba8
SUP_S1_PNG,Supplementary Figure,Figure S1 — Internal ConvNeXt Confusion Matrix,PNG,24.5,True,True,895812,Supplementary\Figure_S1_Internal_ConvNeXt_Confusion_Matrix.png,D:\Tomato_Disease_Research\Conference_Paper_Assets\Supplementary\Figure_S1_Internal_ConvNeXt_Confusion_Matrix.png,b1ab609431054a47f13efb78f1c5d6fe83aff6376333e09a38b516fa9c1d8a04
SUP_S1_PDF,Supplementary Figure,Figure S1 — Internal ConvNeXt Confusion Matrix,PDF,24.5,True,True,55836,Supplementary\Figure_S1_Internal_ConvNeXt_Confusion_Matrix.pdf,D:\Tomato_Disease_Research\Conference_Paper_Assets\Supplementary\Figure_S1_Internal_ConvNeXt_Confusion_Matrix.pdf,d384288ce46e665cc1844190fb64a15e38f3421be971ae71427b8fa5e54cde20
SUP_S1_CAPTION,Supplementary Figure,Figure S1 — Internal ConvNeXt Confusion Matrix,Caption,24.5,True,True,511,Supplementary\Figure_S1_Internal_ConvNeXt_Confusion_Matrix_Caption.txt,D:\Tomato_Disease_Research\Conference_Paper_Assets\Supplementary\Figure_S1_Internal_ConvNeXt_Confusion_Matrix_Caption.txt,c99709f2c462c78f893c75f4ab0e740de1dea61984da1ddedb40c81f9bee175d
SUP_S2_PNG,Supplementary Figure,Figure S2 — Shared-8 Reliability Diagram,PNG,24.10,True,True,157512,Supplementary\Figure_S2_Shared8_Reliability_Diagram_Internal_vs_External.png,D:\Tomato_Disease_Research\Conference_Paper_Assets\Supplementary\Figure_S2_Shared8_Reliability_Diagram_Internal_vs_External.png,e3a9543c8a5e3d02f27a9de83b3bf2021311c405cc7e00710d0e6eba090b23cb
SUP_S2_PDF,Supplementary Figure,Figure S2 — Shared-8 Reliability Diagram,PDF,24.10,True,True,18105,Supplementary\Figure_S2_Shared8_Reliability_Diagram_Internal_vs_External.pdf,D:\Tomato_Disease_Research\Conference_Paper_Assets\Supplementary\Figure_S2_Shared8_Reliability_Diagram_Internal_vs_External.pdf,837c97b524706470f5fd9df004ed91a70a9c816e7ab482ade3b8c242bb379033
SUP_S2_CAPTION,Supplementary Figure,Figure S2 — Shared-8 Reliability Diagram,Caption,24.10,True,True,528,Supplementary\Figure_S2_Shared8_Reliability_Diagram_Internal_vs_External_Caption.txt,D:\Tomato_Disease_Research\Conference_Paper_Assets\Supplementary\Figure_S2_Shared8_Reliability_Diagram_Internal_vs_External_Caption.txt,61d3f25ae7d526a6484232888b35e3c62aa06fcdd05851c764d0fc7b3ceddb8c
SUP_S3_PNG,Supplementary Figure,Figure S3 — External Predicted-vs-True Grad-CAM++,PNG,24.11,True,True,3727273,Supplementary\Figure_S3_External_Representative_Error_Predicted_vs_True_GradCAMpp.png,D:\Tomato_Disease_Research\Conference_Paper_Assets\Supplementary\Figure_S3_External_Representative_Error_Predicted_vs_True_GradCAMpp.png,5855f3fcd1e3bbe8989aa58099563e0430b536f385546de3ef93d00d7c39ce90
SUP_S3_PDF,Supplementary Figure,Figure S3 — External Predicted-vs-True Grad-CAM++,PDF,24.11,True,True,3126441,Supplementary\Figure_S3_External_Representative_Error_Predicted_vs_True_GradCAMpp.pdf,D:\Tomato_Disease_Research\Conference_Paper_Assets\Supplementary\Figure_S3_External_Representative_Error_Predicted_vs_True_GradCAMpp.pdf,9dda77a714cdf30b353c3b8f24315fb181507cf2d3127e4fd9a7912f0a0bd1c6
SUP_S3_CAPTION,Supplementary Figure,Figure S3 — External Predicted-vs-True Grad-CAM++,Caption,24.11,True,True,556,Supplementary\Figure_S3_External_Representative_Error_Predicted_vs_True_GradCAMpp_Caption.txt,D:\Tomato_Disease_Research\Conference_Paper_Assets\Supplementary\Figure_S3_External_Representative_Error_Predicted_vs_True_GradCAMpp_Caption.txt,7f4a50282afbdf45f1cf66421074ea0faa9bb2086d77c7e1718cf5cfd4275877
EMBED_NPZ,Supporting Data,Frozen ConvNeXt Embeddings,NPZ,24.9C,True,True,7195248,Data\Frozen_ConvNeXt_Embeddings_2478x768.npz,D:\Tomato_Disease_Research\Conference_Paper_Assets\Data\Frozen_ConvNeXt_Embeddings_2478x768.npz,24caad5955439e52dc58c9129658320c02fd12131b214faeab6b96b30f1b8221
EMBED_CSV,Supporting Data,Frozen ConvNeXt Embeddings,CSV,24.9C,True,True,21436042,Data\Frozen_ConvNeXt_Embeddings_2478x768.csv,D:\Tomato_Disease_Research\Conference_Paper_Assets\Data\Frozen_ConvNeXt_Embeddings_2478x768.csv,e513edc0cf11a8458e455c7356b02d21cce57d16af635815cef59c458b603d47
EMBED_METADATA,Supporting Data,Frozen ConvNeXt Embedding Metadata,CSV,24.9C,True,True,441591,Data\Frozen_ConvNeXt_Embeddings_Metadata.csv,D:\Tomato_Disease_Research\Conference_Paper_Assets\Data\Frozen_ConvNeXt_Embeddings_Metadata.csv,a58f847849723b23e85aa4aace649ac60adcfd45d4389ef2807aa404482ad114
