xai_case_number,domain,dataset,sample_index,sample_id,image_path,relative_path,true_class_index,true_class_name,predicted_class_index,predicted_class_name,confidence,correct,shared8_ground_truth,high_confidence_ge_90,very_high_confidence_ge_95,low_confidence_lt_70,cam_primary_target_index,cam_primary_target_name,generate_true_class_comparison_cam,case_key,primary_selection_role,selection_roles,selection_role_count,selection_strategies,minimum_role_priority,xai_case_id,primary_cam_target_index,primary_cam_target_name,secondary_true_class_cam_required,secondary_cam_target_index,secondary_cam_target_name,image_sha256
1,internal,PlantVillage,230,PV_TEST_00230,D:\Tomato_Disease_Research\plantvillage\Tomato_Bacterial_spot\b8f38ecf-ef8d-47b5-90a3-e937a300a931___GCREC_Bact.Sp 5770.JPG,D:\Tomato_Disease_Research\plantvillage\Tomato_Bacterial_spot\b8f38ecf-ef8d-47b5-90a3-e937a300a931___GCREC_Bact.Sp 5770.JPG,0,Tomato_Bacterial_spot,0,Tomato_Bacterial_spot,0.9999992640173208,True,True,True,True,False,0,Tomato_Bacterial_spot,False,internal::PV_TEST_00230,internal_representative_correct,internal_representative_correct,1,class=0; class_median_confidence=0.999999264017; selected_by=min_absolute_distance_to_median,1,XAI_001,0,Tomato_Bacterial_spot,False,-1,,22af53a26be01b9ce5f4fb24a461d854ba6fad5e12299b08027bf935a1289534
2,internal,PlantVillage,330,PV_TEST_00330,D:\Tomato_Disease_Research\plantvillage\Tomato_Early_blight\113562f3-fe24-4b28-9ec8-7ca432bded47___RS_Erly.B 9402.JPG,D:\Tomato_Disease_Research\plantvillage\Tomato_Early_blight\113562f3-fe24-4b28-9ec8-7ca432bded47___RS_Erly.B 9402.JPG,1,Tomato_Early_blight,1,Tomato_Early_blight,0.9999991479278652,True,True,True,True,False,1,Tomato_Early_blight,False,internal::PV_TEST_00330,internal_representative_correct,internal_representative_correct,1,class=1; class_median_confidence=0.999999147928; selected_by=min_absolute_distance_to_median,1,XAI_002,1,Tomato_Early_blight,False,-1,,570a6de5a6f683e52c9db3d8c01f8952d90fe3aa22415b416a379fd83482c710
3,internal,PlantVillage,497,PV_TEST_00497,D:\Tomato_Disease_Research\plantvillage\Tomato_Late_blight\1e55a2c0-6618-4c42-93a6-cfc8a9d5ca77___GHLB2 Leaf 9039.JPG,D:\Tomato_Disease_Research\plantvillage\Tomato_Late_blight\1e55a2c0-6618-4c42-93a6-cfc8a9d5ca77___GHLB2 Leaf 9039.JPG,2,Tomato_Late_blight,2,Tomato_Late_blight,0.9999985560595678,True,True,True,True,False,2,Tomato_Late_blight,False,internal::PV_TEST_00497,internal_representative_correct,internal_representative_correct,1,class=2; class_median_confidence=0.999998556060; selected_by=min_absolute_distance_to_median,1,XAI_003,2,Tomato_Late_blight,False,-1,,59b5029a8ef2df0449b978bba32804ab06e7021194c8b0d837a1ffd7af846b31
4,internal,PlantVillage,850,PV_TEST_00850,D:\Tomato_Disease_Research\plantvillage\Tomato_Leaf_Mold\b38caab5-9031-4877-ba93-96bec1bdd4ff___Crnl_L.Mold 9028.JPG,D:\Tomato_Disease_Research\plantvillage\Tomato_Leaf_Mold\b38caab5-9031-4877-ba93-96bec1bdd4ff___Crnl_L.Mold 9028.JPG,3,Tomato_Leaf_Mold,3,Tomato_Leaf_Mold,0.9999993493195394,True,True,True,True,False,3,Tomato_Leaf_Mold,False,internal::PV_TEST_00850,internal_representative_correct,internal_representative_correct,1,class=3; class_median_confidence=0.999999349320; selected_by=min_absolute_distance_to_median,1,XAI_004,3,Tomato_Leaf_Mold,False,-1,,8e526b87eb18316bd3ce6b9d5679524242504ea91af0f8c4129480f591b85384
5,internal,PlantVillage,1070,PV_TEST_01070,D:\Tomato_Disease_Research\plantvillage\Tomato_Septoria_leaf_spot\a654c03b-c0d9-4605-9e21-a91a19ce0466___Matt.S_CG 6135.JPG,D:\Tomato_Disease_Research\plantvillage\Tomato_Septoria_leaf_spot\a654c03b-c0d9-4605-9e21-a91a19ce0466___Matt.S_CG 6135.JPG,4,Tomato_Septoria_leaf_spot,4,Tomato_Septoria_leaf_spot,0.9999994719263872,True,True,True,True,False,4,Tomato_Septoria_leaf_spot,False,internal::PV_TEST_01070,internal_representative_correct,internal_representative_correct,1,class=4; class_median_confidence=0.999999471971; selected_by=min_absolute_distance_to_median,1,XAI_005,4,Tomato_Septoria_leaf_spot,False,-1,,ec99a45fd7b3ad3c756b4a39d397a5e4b79c93cf8d458f4bb274e094684beb6c
6,internal,PlantVillage,1736,PV_TEST_01736,D:\Tomato_Disease_Research\plantvillage\Tomato__Tomato_YellowLeaf__Curl_Virus\211eb7f6-3b10-4e02-9c39-94c6670ff89e___YLCV_NREC 2480.JPG,D:\Tomato_Disease_Research\plantvillage\Tomato__Tomato_YellowLeaf__Curl_Virus\211eb7f6-3b10-4e02-9c39-94c6670ff89e___YLCV_NREC 2480.JPG,7,Tomato__Tomato_YellowLeaf__Curl_Virus,7,Tomato__Tomato_YellowLeaf__Curl_Virus,0.9999991574045416,True,True,True,True,False,7,Tomato__Tomato_YellowLeaf__Curl_Virus,False,internal::PV_TEST_01736,internal_representative_correct,internal_representative_correct,1,class=7; class_median_confidence=0.999999157405; selected_by=min_absolute_distance_to_median,1,XAI_006,7,Tomato__Tomato_YellowLeaf__Curl_Virus,False,-1,,7b9b92f079dae777b4d3460153904986f93a15b7af639297eac7d5e91bc2caf4
7,internal,PlantVillage,2143,PV_TEST_02143,D:\Tomato_Disease_Research\plantvillage\Tomato__Tomato_mosaic_virus\b386eecb-c3b8-4b92-8352-b3b687c2db15___PSU_CG 2236.JPG,D:\Tomato_Disease_Research\plantvillage\Tomato__Tomato_mosaic_virus\b386eecb-c3b8-4b92-8352-b3b687c2db15___PSU_CG 2236.JPG,8,Tomato__Tomato_mosaic_virus,8,Tomato__Tomato_mosaic_virus,0.9999991182413416,True,True,True,True,False,8,Tomato__Tomato_mosaic_virus,False,internal::PV_TEST_02143,internal_representative_correct,internal_representative_correct,1,class=8; class_median_confidence=0.999999114856; selected_by=min_absolute_distance_to_median,1,XAI_007,8,Tomato__Tomato_mosaic_virus,False,-1,,6f79d2d34726c4bf87ff2ea7cc123445fe32dd34e6a80bb5b899a02f0e56cae6
8,internal,PlantVillage,2376,PV_TEST_02376,D:\Tomato_Disease_Research\plantvillage\Tomato_healthy\e36e5c2c-277b-4e8f-b12b-46df2e569c85___GH_HL Leaf 187.1.JPG,D:\Tomato_Disease_Research\plantvillage\Tomato_healthy\e36e5c2c-277b-4e8f-b12b-46df2e569c85___GH_HL Leaf 187.1.JPG,9,Tomato_healthy,9,Tomato_healthy,0.9999972335642836,True,True,True,True,False,9,Tomato_healthy,False,internal::PV_TEST_02376,internal_representative_correct,internal_representative_correct,1,class=9; class_median_confidence=0.999997235123; selected_by=min_absolute_distance_to_median,1,XAI_008,9,Tomato_healthy,False,-1,,9dfef17e27d120c042fabed8f337179f21c61fffdb5d3941933b567d57ddcbc8
9,internal,PlantVillage,429,PV_TEST_00429,D:\Tomato_Disease_Research\plantvillage\Tomato_Early_blight\ba19f779-d0cf-4bc7-88df-96e6080fdc96___RS_Erly.B 7599.JPG,D:\Tomato_Disease_Research\plantvillage\Tomato_Early_blight\ba19f779-d0cf-4bc7-88df-96e6080fdc96___RS_Erly.B 7599.JPG,1,Tomato_Early_blight,2,Tomato_Late_blight,0.9998940833150056,False,True,True,True,False,2,Tomato_Late_blight,True,internal::PV_TEST_00429,internal_all_incorrect,internal_all_incorrect,1,all_internal_errors_are_included,2,XAI_009,2,Tomato_Late_blight,True,1,Tomato_Early_blight,41623563d370f54f1faf3834503907fea960abc46e1018487433a08cbda8f334
10,internal,PlantVillage,595,PV_TEST_00595,D:\Tomato_Disease_Research\plantvillage\Tomato_Late_blight\695709e4-d869-4003-97eb-b2de21d5d1a5___GHLB2ES Leaf 62.1.JPG,D:\Tomato_Disease_Research\plantvillage\Tomato_Late_blight\695709e4-d869-4003-97eb-b2de21d5d1a5___GHLB2ES Leaf 62.1.JPG,2,Tomato_Late_blight,2,Tomato_Late_blight,0.8971366338183858,True,True,False,False,False,2,Tomato_Late_blight,False,internal::PV_TEST_00595,internal_relative_lowest_confidence,internal_relative_lowest_confidence,1,rank=2; three_lowest_confidence_correct_shared8_cases,3,XAI_010,2,Tomato_Late_blight,False,-1,,89a8f6e0ac4e112bed4a7528d54b42e850ee57997a9b7ade281f6b9046452adc
11,internal,PlantVillage,1023,PV_TEST_01023,D:\Tomato_Disease_Research\plantvillage\Tomato_Septoria_leaf_spot\7cf8bfef-e8d7-406b-b27c-e5e545096545___JR_Sept.L.S 8427.JPG,D:\Tomato_Disease_Research\plantvillage\Tomato_Septoria_leaf_spot\7cf8bfef-e8d7-406b-b27c-e5e545096545___JR_Sept.L.S 8427.JPG,4,Tomato_Septoria_leaf_spot,4,Tomato_Septoria_leaf_spot,0.7891365749756621,True,True,False,False,False,4,Tomato_Septoria_leaf_spot,False,internal::PV_TEST_01023,internal_relative_lowest_confidence,internal_relative_lowest_confidence,1,rank=1; three_lowest_confidence_correct_shared8_cases,3,XAI_011,4,Tomato_Septoria_leaf_spot,False,-1,,130e009889113c67046fe518a0d575cd88bed509ee0208be12eb75ba2d53b2db
12,internal,PlantVillage,1111,PV_TEST_01111,D:\Tomato_Disease_Research\plantvillage\Tomato_Septoria_leaf_spot\caa74798-7dab-43f3-8ed0-f53d79cb31db___JR_Sept.L.S 8397.JPG,D:\Tomato_Disease_Research\plantvillage\Tomato_Septoria_leaf_spot\caa74798-7dab-43f3-8ed0-f53d79cb31db___JR_Sept.L.S 8397.JPG,4,Tomato_Septoria_leaf_spot,4,Tomato_Septoria_leaf_spot,0.9092378587972696,True,True,True,False,False,4,Tomato_Septoria_leaf_spot,False,internal::PV_TEST_01111,internal_relative_lowest_confidence,internal_relative_lowest_confidence,1,rank=3; three_lowest_confidence_correct_shared8_cases,3,XAI_012,4,Tomato_Septoria_leaf_spot,False,-1,,71f89a877515adf26b5fd395b3458b96dbb007efa280e856a2267d289d4656b5
13,external,PlantDoc,14,PD_EXT_0015,D:\Tomato_Disease_Research\external_dataset\PlantDoc_tomato_subset\test\Tomato_Early_blight_leaf\test_Tomato Early blight leaf_6.jpg,test/Tomato_Early_blight_leaf/test_Tomato Early blight leaf_6.jpg,1,Tomato_Early_blight,1,Tomato_Early_blight,0.9999974966049194,True,True,True,True,False,1,Tomato_Early_blight,False,external::PD_EXT_0015,external_representative_correct,external_representative_correct,1,class=1; class_median_correct_confidence=0.999898880720; selected_by=min_absolute_distance_to_median,4,XAI_013,1,Tomato_Early_blight,False,-1,,98d52f733e1e23c5f5059f3ce57c762a1e0fc26028abf8750105d0250c29f670
14,external,PlantDoc,25,PD_EXT_0026,D:\Tomato_Disease_Research\external_dataset\PlantDoc_tomato_subset\test\Tomato_leaf_late_blight\test_Tomato leaf late blight_7.jpg,test/Tomato_leaf_late_blight/test_Tomato leaf late blight_7.jpg,2,Tomato_Late_blight,2,Tomato_Late_blight,0.9999902248382568,True,True,True,True,False,2,Tomato_Late_blight,False,external::PD_EXT_0026,external_representative_correct,external_representative_correct,1,class=2; class_median_correct_confidence=0.999993264675; selected_by=min_absolute_distance_to_median,4,XAI_014,2,Tomato_Late_blight,False,-1,,f77f5a7245b8a2ff0e3640693e679ac52b036ab639bbfef405d7de4ed4768536
15,external,PlantDoc,29,PD_EXT_0030,D:\Tomato_Disease_Research\external_dataset\PlantDoc_tomato_subset\test\Tomato_mold_leaf\test_Tomato mold leaf_2.jpg,test/Tomato_mold_leaf/test_Tomato mold leaf_2.jpg,3,Tomato_Leaf_Mold,3,Tomato_Leaf_Mold,0.9955716133117676,True,True,True,True,False,3,Tomato_Leaf_Mold,False,external::PD_EXT_0030,external_representative_correct,external_representative_correct,1,class=3; class_median_correct_confidence=0.995571613312; selected_by=min_absolute_distance_to_median,4,XAI_015,3,Tomato_Leaf_Mold,False,-1,,038898eee33130b1e02ecee95413923d4c51b9f81bd0277c29381a479bf53f2c
16,external,PlantDoc,41,PD_EXT_0042,D:\Tomato_Disease_Research\external_dataset\PlantDoc_tomato_subset\test\Tomato_Septoria_leaf_spot\test_Tomato Septoria leaf spot_5.jpg,test/Tomato_Septoria_leaf_spot/test_Tomato Septoria leaf spot_5.jpg,4,Tomato_Septoria_leaf_spot,4,Tomato_Septoria_leaf_spot,0.9999881982803344,True,True,True,True,False,4,Tomato_Septoria_leaf_spot,False,external::PD_EXT_0042,external_representative_correct,external_representative_correct,1,class=4; class_median_correct_confidence=0.999977588654; selected_by=min_absolute_distance_to_median,4,XAI_016,4,Tomato_Septoria_leaf_spot,False,-1,,7ed449219a867cb8b5f6fa13d5d025d450101fcb84376378d4e583a317950427
17,external,PlantDoc,55,PD_EXT_0056,D:\Tomato_Disease_Research\external_dataset\PlantDoc_tomato_subset\test\Tomato_leaf_yellow_virus\test_Tomato leaf yellow virus_4_1.jpg,test/Tomato_leaf_yellow_virus/test_Tomato leaf yellow virus_4_1.jpg,7,Tomato__Tomato_YellowLeaf__Curl_Virus,7,Tomato__Tomato_YellowLeaf__Curl_Virus,0.9883350133895874,True,True,True,True,False,7,Tomato__Tomato_YellowLeaf__Curl_Virus,False,external::PD_EXT_0056,external_representative_correct,external_representative_correct,1,class=7; class_median_correct_confidence=0.981935739517; selected_by=min_absolute_distance_to_median,4,XAI_017,7,Tomato__Tomato_YellowLeaf__Curl_Virus,False,-1,,77db756978b28277804b99ae9041710396f1c84804121bf555bc659b19c44325
18,external,PlantDoc,78,PD_EXT_0079,D:\Tomato_Disease_Research\external_dataset\PlantDoc_tomato_subset\test\Tomato_leaf\test_Tomato leaf_8.jpg,test/Tomato_leaf/test_Tomato leaf_8.jpg,9,Tomato_healthy,9,Tomato_healthy,0.9221420288085938,True,True,True,False,False,9,Tomato_healthy,False,external::PD_EXT_0079,external_representative_correct,external_representative_correct,1,class=9; class_median_correct_confidence=0.922142028809; selected_by=min_absolute_distance_to_median,4,XAI_018,9,Tomato_healthy,False,-1,,66e581feb1714e0cfd3e2afdc8f90dcf0394b897886233aa515b7dea1390da1a
19,external,PlantDoc,0,PD_EXT_0001,D:\Tomato_Disease_Research\external_dataset\PlantDoc_tomato_subset\test\Tomato_leaf_bacterial_spot\test_Tomato leaf bacterial spot_1.jpg,test/Tomato_leaf_bacterial_spot/test_Tomato leaf bacterial spot_1.jpg,0,Tomato_Bacterial_spot,4,Tomato_Septoria_leaf_spot,0.9995757937431335,False,True,True,True,False,4,Tomato_Septoria_leaf_spot,True,external::PD_EXT_0001,external_representative_incorrect,external_representative_incorrect,1,class=0; class_median_error_confidence=0.999575793743; selected_by=min_absolute_distance_to_median,5,XAI_019,4,Tomato_Septoria_leaf_spot,True,0,Tomato_Bacterial_spot,e23a29c94b58aac28e92f57f95eb6f53e99c874323cb2b90ebd327085721574e
20,external,PlantDoc,11,PD_EXT_0012,D:\Tomato_Disease_Research\external_dataset\PlantDoc_tomato_subset\test\Tomato_Early_blight_leaf\test_Tomato Early blight leaf_3.jpg,test/Tomato_Early_blight_leaf/test_Tomato Early blight leaf_3.jpg,1,Tomato_Early_blight,4,Tomato_Septoria_leaf_spot,0.997334361076355,False,True,True,True,False,4,Tomato_Septoria_leaf_spot,True,external::PD_EXT_0012,external_representative_incorrect,external_representative_incorrect,1,class=1; class_median_error_confidence=0.997334361076; selected_by=min_absolute_distance_to_median,5,XAI_020,4,Tomato_Septoria_leaf_spot,True,1,Tomato_Early_blight,55570c32bf51ea713ee2dc293078ce3008986ad281a8cce626fbb264e0b44679
21,external,PlantDoc,22,PD_EXT_0023,D:\Tomato_Disease_Research\external_dataset\PlantDoc_tomato_subset\test\Tomato_leaf_late_blight\test_Tomato leaf late blight_4.jpg,test/Tomato_leaf_late_blight/test_Tomato leaf late blight_4.jpg,2,Tomato_Late_blight,1,Tomato_Early_blight,0.9999958276748656,False,True,True,True,False,1,Tomato_Early_blight,True,external::PD_EXT_0023,external_representative_incorrect,external_representative_incorrect;external_high_confidence_incorrect,2,class=2; class_median_error_confidence=0.999994754791; selected_by=min_absolute_distance_to_median || rank=2; top5_errors_among_confidence_ge_0.90,5,XAI_021,1,Tomato_Early_blight,True,2,Tomato_Late_blight,69526a0f4413d8f8e786650a8264e460496e41e0a794747b8358c7d4074dfee6
22,external,PlantDoc,28,PD_EXT_0029,D:\Tomato_Disease_Research\external_dataset\PlantDoc_tomato_subset\test\Tomato_mold_leaf\test_Tomato mold leaf_1.jpg,test/Tomato_mold_leaf/test_Tomato mold leaf_1.jpg,3,Tomato_Leaf_Mold,1,Tomato_Early_blight,0.9889935851097108,False,True,True,True,False,1,Tomato_Early_blight,True,external::PD_EXT_0029,external_representative_incorrect,external_representative_incorrect,1,class=3; class_median_error_confidence=0.988993585110; selected_by=min_absolute_distance_to_median,5,XAI_022,1,Tomato_Early_blight,True,3,Tomato_Leaf_Mold,bfdd82a0f88aab850f5f214c7104d42d4266c11400b47285563b18693b4aa9f8
23,external,PlantDoc,34,PD_EXT_0035,D:\Tomato_Disease_Research\external_dataset\PlantDoc_tomato_subset\test\Tomato_Septoria_leaf_spot\test_Tomato Septoria leaf spot_10.jpg,test/Tomato_Septoria_leaf_spot/test_Tomato Septoria leaf spot_10.jpg,4,Tomato_Septoria_leaf_spot,1,Tomato_Early_blight,0.9999233484268188,False,True,True,True,False,1,Tomato_Early_blight,True,external::PD_EXT_0035,external_representative_incorrect,external_representative_incorrect,1,class=4; class_median_error_confidence=0.976273566484; selected_by=min_absolute_distance_to_median,5,XAI_023,1,Tomato_Early_blight,True,4,Tomato_Septoria_leaf_spot,c80add2c370abf75ee50396e7dec72b686732c7474df5bbba02343ae504751c9
24,external,PlantDoc,46,PD_EXT_0047,D:\Tomato_Disease_Research\external_dataset\PlantDoc_tomato_subset\test\Tomato_leaf_yellow_virus\test_Tomato leaf yellow virus_1.jpg,test/Tomato_leaf_yellow_virus/test_Tomato leaf yellow virus_1.jpg,7,Tomato__Tomato_YellowLeaf__Curl_Virus,2,Tomato_Late_blight,0.97798490524292,False,True,True,True,False,2,Tomato_Late_blight,True,external::PD_EXT_0047,external_representative_incorrect,external_representative_incorrect,1,class=7; class_median_error_confidence=0.977984905243; selected_by=min_absolute_distance_to_median,5,XAI_024,2,Tomato_Late_blight,True,7,Tomato__Tomato_YellowLeaf__Curl_Virus,9ac4376dfcbf51d037888a2183aa8984cf60ec0227fe82dcdd7b49275df6d38a
25,external,PlantDoc,67,PD_EXT_0068,D:\Tomato_Disease_Research\external_dataset\PlantDoc_tomato_subset\test\Tomato_leaf_mosaic_virus\test_Tomato leaf mosaic virus_6.jpg,test/Tomato_leaf_mosaic_virus/test_Tomato leaf mosaic virus_6.jpg,8,Tomato__Tomato_mosaic_virus,2,Tomato_Late_blight,0.9331840872764589,False,True,True,False,False,2,Tomato_Late_blight,True,external::PD_EXT_0068,external_representative_incorrect,external_representative_incorrect,1,class=8; class_median_error_confidence=0.936561286449; selected_by=min_absolute_distance_to_median,5,XAI_025,2,Tomato_Late_blight,True,8,Tomato__Tomato_mosaic_virus,3be8d7001035234d99b56906f4b1d0d0037b22b785396889d3b9ce6eaa7d15cc
26,external,PlantDoc,73,PD_EXT_0074,D:\Tomato_Disease_Research\external_dataset\PlantDoc_tomato_subset\test\Tomato_leaf\test_Tomato leaf_3.jpg,test/Tomato_leaf/test_Tomato leaf_3.jpg,9,Tomato_healthy,2,Tomato_Late_blight,0.9657007455825806,False,True,True,True,False,2,Tomato_Late_blight,True,external::PD_EXT_0074,external_representative_incorrect,external_representative_incorrect,1,class=9; class_median_error_confidence=0.965700745583; selected_by=min_absolute_distance_to_median,5,XAI_026,2,Tomato_Late_blight,True,9,Tomato_healthy,36d4cf67739d3d7b079eed20331535674781886f75abbf7f010999a45b00980f
27,external,PlantDoc,9,PD_EXT_0010,D:\Tomato_Disease_Research\external_dataset\PlantDoc_tomato_subset\test\Tomato_Early_blight_leaf\test_Tomato Early blight leaf_1.jpg,test/Tomato_Early_blight_leaf/test_Tomato Early blight leaf_1.jpg,1,Tomato_Early_blight,1,Tomato_Early_blight,0.999998927116394,True,True,True,True,False,1,Tomato_Early_blight,False,external::PD_EXT_0010,external_high_confidence_correct,external_high_confidence_correct,1,rank=1; top5_correct_among_confidence_ge_0.90,6,XAI_027,1,Tomato_Early_blight,False,-1,,7571d72639461cc8de512dd2087c63cc1877322ae1954f7b4521756789c362c9
28,external,PlantDoc,12,PD_EXT_0013,D:\Tomato_Disease_Research\external_dataset\PlantDoc_tomato_subset\test\Tomato_Early_blight_leaf\test_Tomato Early blight leaf_4.jpg,test/Tomato_Early_blight_leaf/test_Tomato Early blight leaf_4.jpg,1,Tomato_Early_blight,1,Tomato_Early_blight,0.9999988079071044,True,True,True,True,False,1,Tomato_Early_blight,False,external::PD_EXT_0013,external_high_confidence_correct,external_high_confidence_correct,1,rank=2; top5_correct_among_confidence_ge_0.90,6,XAI_028,1,Tomato_Early_blight,False,-1,,9650bd867d436b35710a6c8e5142baf3744910eee250372efe547f23d514980a
29,external,PlantDoc,18,PD_EXT_0019,D:\Tomato_Disease_Research\external_dataset\PlantDoc_tomato_subset\test\Tomato_leaf_late_blight\test_Tomato leaf late blight_1.jpg,test/Tomato_leaf_late_blight/test_Tomato leaf late blight_1.jpg,2,Tomato_Late_blight,2,Tomato_Late_blight,0.9999982118606568,True,True,True,True,False,2,Tomato_Late_blight,False,external::PD_EXT_0019,external_high_confidence_correct,external_high_confidence_correct,1,rank=4; top5_correct_among_confidence_ge_0.90,6,XAI_029,2,Tomato_Late_blight,False,-1,,fd87cea75ee543ab40c76fb94cbc40e42d1c848e5f5dd7756e56f44d0367c734
30,external,PlantDoc,27,PD_EXT_0028,D:\Tomato_Disease_Research\external_dataset\PlantDoc_tomato_subset\test\Tomato_leaf_late_blight\test_Tomato leaf late blight_9.jpg,test/Tomato_leaf_late_blight/test_Tomato leaf late blight_9.jpg,2,Tomato_Late_blight,2,Tomato_Late_blight,0.9999980926513672,True,True,True,True,False,2,Tomato_Late_blight,False,external::PD_EXT_0028,external_high_confidence_correct,external_high_confidence_correct,1,rank=5; top5_correct_among_confidence_ge_0.90,6,XAI_030,2,Tomato_Late_blight,False,-1,,0024d2b0e3bd578375ffb676d5c5a20c3f6d82d335f8758a215a539ac3a27ff6
31,external,PlantDoc,45,PD_EXT_0046,D:\Tomato_Disease_Research\external_dataset\PlantDoc_tomato_subset\test\Tomato_Septoria_leaf_spot\test_Tomato Septoria leaf spot_9.jpg,test/Tomato_Septoria_leaf_spot/test_Tomato Septoria leaf spot_9.jpg,4,Tomato_Septoria_leaf_spot,4,Tomato_Septoria_leaf_spot,0.9999984502792358,True,True,True,True,False,4,Tomato_Septoria_leaf_spot,False,external::PD_EXT_0046,external_high_confidence_correct,external_high_confidence_correct,1,rank=3; top5_correct_among_confidence_ge_0.90,6,XAI_031,4,Tomato_Septoria_leaf_spot,False,-1,,2d87a16ce8325e687e246afc29a9b6468cddc7841d113ac7d4948b0fefee6197
32,external,PlantDoc,10,PD_EXT_0011,D:\Tomato_Disease_Research\external_dataset\PlantDoc_tomato_subset\test\Tomato_Early_blight_leaf\test_Tomato Early blight leaf_2.jpg,test/Tomato_Early_blight_leaf/test_Tomato Early blight leaf_2.jpg,1,Tomato_Early_blight,2,Tomato_Late_blight,0.9999966621398926,False,True,True,True,False,2,Tomato_Late_blight,True,external::PD_EXT_0011,external_high_confidence_incorrect,external_high_confidence_incorrect,1,rank=1; top5_errors_among_confidence_ge_0.90,7,XAI_032,2,Tomato_Late_blight,True,1,Tomato_Early_blight,33051105a7999fd6346911a9de67485f5678af4af738076308b1edafada1bfe7
33,external,PlantDoc,19,PD_EXT_0020,D:\Tomato_Disease_Research\external_dataset\PlantDoc_tomato_subset\test\Tomato_leaf_late_blight\test_Tomato leaf late blight_10.jpg,test/Tomato_leaf_late_blight/test_Tomato leaf late blight_10.jpg,2,Tomato_Late_blight,3,Tomato_Leaf_Mold,0.9999936819076538,False,True,True,True,False,3,Tomato_Leaf_Mold,True,external::PD_EXT_0020,external_high_confidence_incorrect,external_high_confidence_incorrect,1,rank=3; top5_errors_among_confidence_ge_0.90,7,XAI_033,3,Tomato_Leaf_Mold,True,2,Tomato_Late_blight,3d2fdce4dd866c8db1a76996e0115dec623b25cfa90a98e8259d6fabc038b3d2
34,external,PlantDoc,36,PD_EXT_0037,D:\Tomato_Disease_Research\external_dataset\PlantDoc_tomato_subset\test\Tomato_Septoria_leaf_spot\test_Tomato Septoria leaf spot_1_1.jpg,test/Tomato_Septoria_leaf_spot/test_Tomato Septoria leaf spot_1_1.jpg,4,Tomato_Septoria_leaf_spot,1,Tomato_Early_blight,0.9999880790710448,False,True,True,True,False,1,Tomato_Early_blight,True,external::PD_EXT_0037,external_high_confidence_incorrect,external_high_confidence_incorrect,1,rank=5; top5_errors_among_confidence_ge_0.90,7,XAI_034,1,Tomato_Early_blight,True,4,Tomato_Septoria_leaf_spot,21865e8bcdb9cf6b85f623c1b5e8151707eafa2d6413623e0245245c9fd9ecb6
35,external,PlantDoc,53,PD_EXT_0054,D:\Tomato_Disease_Research\external_dataset\PlantDoc_tomato_subset\test\Tomato_leaf_yellow_virus\test_Tomato leaf yellow virus_3_1.jpg,test/Tomato_leaf_yellow_virus/test_Tomato leaf yellow virus_3_1.jpg,7,Tomato__Tomato_YellowLeaf__Curl_Virus,2,Tomato_Late_blight,0.9999914169311525,False,True,True,True,False,2,Tomato_Late_blight,True,external::PD_EXT_0054,external_high_confidence_incorrect,external_high_confidence_incorrect,1,rank=4; top5_errors_among_confidence_ge_0.90,7,XAI_035,2,Tomato_Late_blight,True,7,Tomato__Tomato_YellowLeaf__Curl_Virus,366ecc5b81d6a99664ab8b0192759cd99188548fb5a618ec3704bab1cadad617
36,external,PlantDoc,3,PD_EXT_0004,D:\Tomato_Disease_Research\external_dataset\PlantDoc_tomato_subset\test\Tomato_leaf_bacterial_spot\test_Tomato leaf bacterial spot_4.jpg,test/Tomato_leaf_bacterial_spot/test_Tomato leaf bacterial spot_4.jpg,0,Tomato_Bacterial_spot,4,Tomato_Septoria_leaf_spot,0.5455209612846375,False,True,False,False,True,4,Tomato_Septoria_leaf_spot,True,external::PD_EXT_0004,external_low_confidence,external_low_confidence,1,rank=3; bottom5_among_confidence_lt_0.70,8,XAI_036,4,Tomato_Septoria_leaf_spot,True,0,Tomato_Bacterial_spot,f8a309c930537862201f172a32c48db8558e0f3e119757ec85a5dc22d9e96e7f
37,external,PlantDoc,58,PD_EXT_0059,D:\Tomato_Disease_Research\external_dataset\PlantDoc_tomato_subset\test\Tomato_leaf_yellow_virus\test_Tomato leaf yellow virus_6_1.jpg,test/Tomato_leaf_yellow_virus/test_Tomato leaf yellow virus_6_1.jpg,7,Tomato__Tomato_YellowLeaf__Curl_Virus,2,Tomato_Late_blight,0.5530862808227539,False,True,False,False,True,2,Tomato_Late_blight,True,external::PD_EXT_0059,external_low_confidence,external_low_confidence,1,rank=4; bottom5_among_confidence_lt_0.70,8,XAI_037,2,Tomato_Late_blight,True,7,Tomato__Tomato_YellowLeaf__Curl_Virus,ca3e97152a4c54c5da5bf5fcdd21a04f68d570e57933b479b2a1ae15681cb08f
38,external,PlantDoc,59,PD_EXT_0060,D:\Tomato_Disease_Research\external_dataset\PlantDoc_tomato_subset\test\Tomato_leaf_yellow_virus\test_Tomato leaf yellow virus_6_2.jpg,test/Tomato_leaf_yellow_virus/test_Tomato leaf yellow virus_6_2.jpg,7,Tomato__Tomato_YellowLeaf__Curl_Virus,0,Tomato_Bacterial_spot,0.4406662881374359,False,True,False,False,True,0,Tomato_Bacterial_spot,True,external::PD_EXT_0060,external_low_confidence,external_low_confidence,1,rank=2; bottom5_among_confidence_lt_0.70,8,XAI_038,0,Tomato_Bacterial_spot,True,7,Tomato__Tomato_YellowLeaf__Curl_Virus,b2b394499f386c892e82fb39cde822459ea8919d6cf0ebae53538a15abe1b976
39,external,PlantDoc,64,PD_EXT_0065,D:\Tomato_Disease_Research\external_dataset\PlantDoc_tomato_subset\test\Tomato_leaf_mosaic_virus\test_Tomato leaf mosaic virus_3.jpg,test/Tomato_leaf_mosaic_virus/test_Tomato leaf mosaic virus_3.jpg,8,Tomato__Tomato_mosaic_virus,3,Tomato_Leaf_Mold,0.37744140625,False,True,False,False,True,3,Tomato_Leaf_Mold,True,external::PD_EXT_0065,external_low_confidence,external_low_confidence,1,rank=1; bottom5_among_confidence_lt_0.70,8,XAI_039,3,Tomato_Leaf_Mold,True,8,Tomato__Tomato_mosaic_virus,300516de60912443a4b013d2588e35bcbab6705561e04ba421eec3a7070f2148
40,external,PlantDoc,77,PD_EXT_0078,D:\Tomato_Disease_Research\external_dataset\PlantDoc_tomato_subset\test\Tomato_leaf\test_Tomato leaf_7.jpg,test/Tomato_leaf/test_Tomato leaf_7.jpg,9,Tomato_healthy,2,Tomato_Late_blight,0.5818392634391785,False,True,False,False,True,2,Tomato_Late_blight,True,external::PD_EXT_0078,external_low_confidence,external_low_confidence,1,rank=5; bottom5_among_confidence_lt_0.70,8,XAI_040,2,Tomato_Late_blight,True,9,Tomato_healthy,9cffe92d5f898fa2bb96e78f63ef46059b710a0f2d97054f1e534a5619778b13
